0.000,60.000,20.000
0.000,60.000,0.000
5.714,45.000,0.000
11.429,30.000,0.000
17.143,15.000,0.000
17.143,15.000,20.000
34.286,60.000,20.000
34.286,60.000,0.000
28.571,45.000,0.000
22.857,30.000,0.000
17.143,15.000,0.000
17.143,15.000,20.000
48.571,32.143,20.000
48.571,32.143,0.000
74.286,32.143,0.000
74.286,36.429,0.000
72.143,40.714,0.000
70.000,42.857,0.000
65.714,45.000,0.000
59.286,45.000,0.000
55.000,42.857,0.000
50.714,38.571,0.000
48.571,32.143,0.000
48.571,27.857,0.000
50.714,21.429,0.000
55.000,17.143,0.000
59.286,15.000,0.000
65.714,15.000,0.000
70.000,17.143,0.000
74.286,21.429,0.000
74.286,21.429,20.000
86.429,60.000,20.000
86.429,60.000,0.000
86.429,45.000,0.000
86.429,30.000,0.000
86.429,15.000,0.000
86.429,15.000,20.000
107.857,45.000,20.000
107.857,45.000,0.000
97.143,34.286,0.000
86.429,23.571,0.000
86.429,23.571,20.000
95.000,32.143,20.000
95.000,32.143,0.000
110.000,15.000,0.000
110.000,15.000,20.000
120.000,40.714,20.000
120.000,40.714,0.000
117.857,38.571,0.000
120.000,36.429,0.000
122.143,38.571,0.000
120.000,40.714,0.000
120.000,40.714,20.000
120.000,25.714,20.000
120.000,25.714,0.000
117.857,23.571,0.000
120.000,21.429,0.000
122.143,23.571,0.000
120.000,25.714,0.000
120.000,25.714,20.000
297.429,60.000,20.000
297.429,60.000,0.000
321.000,60.000,0.000
308.143,42.857,0.000
314.571,42.857,0.000
318.857,40.714,0.000
321.000,38.571,0.000
323.143,32.143,0.000
323.143,27.857,0.000
321.000,21.429,0.000
316.714,17.143,0.000
310.286,15.000,0.000
303.857,15.000,0.000
297.429,17.143,0.000
295.286,19.286,0.000
293.143,23.571,0.000
293.143,23.571,20.000
361.000,53.571,20.000
361.000,53.571,0.000
358.857,57.857,0.000
352.429,60.000,0.000
348.143,60.000,0.000
341.714,57.857,0.000
337.429,51.429,0.000
335.286,40.714,0.000
335.286,30.000,0.000
337.429,21.429,0.000
341.714,17.143,0.000
348.143,15.000,0.000
350.286,15.000,0.000
356.714,17.143,0.000
361.000,21.429,0.000
363.143,27.857,0.000
363.143,30.000,0.000
361.000,36.429,0.000
356.714,40.714,0.000
350.286,42.857,0.000
348.143,42.857,0.000
341.714,40.714,0.000
337.429,36.429,0.000
335.286,30.000,0.000
335.286,30.000,20.000
375.286,23.571,20.000
375.286,23.571,0.000
373.143,21.429,0.000
371.000,23.571,0.000
373.143,25.714,0.000
375.286,23.571,0.000
375.286,19.286,0.000
371.000,15.000,0.000
371.000,15.000,20.000
0.000,-30.000,20.000
0.000,-30.000,0.000
0.000,-45.000,0.000
0.000,-60.000,0.000
0.000,-75.000,0.000
0.000,-75.000,20.000
0.000,-30.000,20.000
0.000,-30.000,0.000
19.286,-30.000,0.000
25.714,-32.143,0.000
27.857,-34.286,0.000
30.000,-38.571,0.000
30.000,-45.000,0.000
27.857,-49.286,0.000
25.714,-51.429,0.000
19.286,-53.571,0.000
0.000,-53.571,0.000
0.000,-53.571,20.000
48.571,-45.000,20.000
48.571,-45.000,0.000
44.286,-47.143,0.000
40.000,-51.429,0.000
37.857,-57.857,0.000
37.857,-62.143,0.000
40.000,-68.571,0.000
44.286,-72.857,0.000
48.571,-75.000,0.000
55.000,-75.000,0.000
59.286,-72.857,0.000
63.571,-68.571,0.000
65.714,-62.143,0.000
65.714,-57.857,0.000
63.571,-51.429,0.000
59.286,-47.143,0.000
55.000,-45.000,0.000
48.571,-45.000,0.000
48.571,-45.000,20.000
77.857,-30.000,20.000
77.857,-30.000,0.000
77.857,-45.000,0.000
77.857,-60.000,0.000
77.857,-75.000,0.000
77.857,-75.000,20.000
77.857,-53.571,20.000
77.857,-53.571,0.000
84.286,-47.143,0.000
88.571,-45.000,0.000
95.000,-45.000,0.000
99.286,-47.143,0.000
101.429,-53.571,0.000
101.429,-75.000,0.000
101.429,-75.000,20.000
111.429,-30.000,20.000
111.429,-30.000,0.000
111.429,-45.000,0.000
111.429,-60.000,0.000
111.429,-75.000,0.000
111.429,-75.000,20.000
145.000,-45.000,20.000
145.000,-45.000,0.000
145.000,-60.000,0.000
145.000,-75.000,0.000
145.000,-75.000,20.000
145.000,-51.429,20.000
145.000,-51.429,0.000
140.714,-47.143,0.000
136.429,-45.000,0.000
130.000,-45.000,0.000
125.714,-47.143,0.000
121.429,-51.429,0.000
119.286,-57.857,0.000
119.286,-62.143,0.000
121.429,-68.571,0.000
125.714,-72.857,0.000
130.000,-75.000,0.000
136.429,-75.000,0.000
140.714,-72.857,0.000
145.000,-68.571,0.000
145.000,-68.571,20.000
152.857,-45.000,20.000
152.857,-45.000,0.000
159.286,-60.000,0.000
165.714,-75.000,0.000
165.714,-75.000,20.000
178.571,-45.000,20.000
178.571,-45.000,0.000
172.143,-60.000,0.000
165.714,-75.000,0.000
165.714,-75.000,20.000
190.714,-30.000,20.000
190.714,-30.000,0.000
192.857,-32.143,0.000
195.000,-30.000,0.000
192.857,-27.857,0.000
190.714,-30.000,0.000
190.714,-30.000,20.000
192.857,-45.000,20.000
192.857,-45.000,0.000
192.857,-60.000,0.000
192.857,-75.000,0.000
192.857,-75.000,20.000
207.143,-49.286,20.000
207.143,-49.286,0.000
205.000,-51.429,0.000
207.143,-53.571,0.000
209.286,-51.429,0.000
207.143,-49.286,0.000
207.143,-49.286,20.000
207.143,-64.286,20.000
207.143,-64.286,0.000
205.000,-66.429,0.000
207.143,-68.571,0.000
209.286,-66.429,0.000
207.143,-64.286,0.000
207.143,-64.286,20.000
290.429,-45.000,20.000
290.429,-45.000,0.000
290.429,-60.000,0.000
290.429,-75.000,0.000
290.429,-75.000,20.000
290.429,-53.571,20.000
290.429,-53.571,0.000
296.857,-47.143,0.000
301.143,-45.000,0.000
307.571,-45.000,0.000
311.857,-47.143,0.000
314.000,-53.571,0.000
314.000,-75.000,0.000
314.000,-75.000,20.000
314.000,-53.571,20.000
314.000,-53.571,0.000
320.429,-47.143,0.000
324.714,-45.000,0.000
331.143,-45.000,0.000
335.429,-47.143,0.000
337.571,-53.571,0.000
337.571,-75.000,0.000
337.571,-75.000,20.000
347.571,-45.000,20.000
347.571,-45.000,0.000
347.571,-66.429,0.000
349.714,-72.857,0.000
354.000,-75.000,0.000
360.429,-75.000,0.000
364.714,-72.857,0.000
371.143,-66.429,0.000
371.143,-66.429,20.000
371.143,-45.000,20.000
371.143,-45.000,0.000
371.143,-60.000,0.000
371.143,-75.000,0.000
371.143,-75.000,20.000
402.571,-45.000,20.000
402.571,-45.000,0.000
390.786,-60.000,0.000
379.000,-75.000,0.000
379.000,-75.000,20.000
379.000,-45.000,20.000
379.000,-45.000,0.000
402.571,-45.000,0.000
402.571,-45.000,20.000
379.000,-75.000,20.000
379.000,-75.000,0.000
402.571,-75.000,0.000
402.571,-75.000,20.000
416.857,-66.429,20.000
416.857,-66.429,0.000
414.714,-68.571,0.000
412.571,-66.429,0.000
414.714,-64.286,0.000
416.857,-66.429,0.000
416.857,-70.714,0.000
412.571,-75.000,0.000
412.571,-75.000,20.000
0.000,-120.000,20.000
0.000,-120.000,0.000
0.000,-135.000,0.000
0.000,-150.000,0.000
0.000,-165.000,0.000
0.000,-165.000,20.000
0.000,-120.000,20.000
0.000,-120.000,0.000
27.857,-120.000,0.000
27.857,-120.000,20.000
0.000,-141.429,20.000
0.000,-141.429,0.000
17.143,-141.429,0.000
17.143,-141.429,20.000
0.000,-165.000,20.000
0.000,-165.000,0.000
27.857,-165.000,0.000
27.857,-165.000,20.000
37.857,-135.000,20.000
37.857,-135.000,0.000
37.857,-150.000,0.000
37.857,-165.000,0.000
37.857,-165.000,20.000
37.857,-143.571,20.000
37.857,-143.571,0.000
44.286,-137.143,0.000
48.571,-135.000,0.000
55.000,-135.000,0.000
59.286,-137.143,0.000
61.429,-143.571,0.000
61.429,-165.000,0.000
61.429,-165.000,20.000
61.429,-143.571,20.000
61.429,-143.571,0.000
67.857,-137.143,0.000
72.143,-135.000,0.000
78.571,-135.000,0.000
82.857,-137.143,0.000
85.000,-143.571,0.000
85.000,-165.000,0.000
85.000,-165.000,20.000
103.571,-135.000,20.000
103.571,-135.000,0.000
99.286,-137.143,0.000
95.000,-141.429,0.000
92.857,-147.857,0.000
92.857,-152.143,0.000
95.000,-158.571,0.000
99.286,-162.857,0.000
103.571,-165.000,0.000
110.000,-165.000,0.000
114.286,-162.857,0.000
118.571,-158.571,0.000
120.714,-152.143,0.000
120.714,-147.857,0.000
118.571,-141.429,0.000
114.286,-137.143,0.000
110.000,-135.000,0.000
103.571,-135.000,0.000
103.571,-135.000,20.000
156.429,-141.429,20.000
156.429,-141.429,0.000
152.143,-137.143,0.000
147.857,-135.000,0.000
141.429,-135.000,0.000
137.143,-137.143,0.000
132.857,-141.429,0.000
130.714,-147.857,0.000
130.714,-152.143,0.000
132.857,-158.571,0.000
137.143,-162.857,0.000
141.429,-165.000,0.000
147.857,-165.000,0.000
152.143,-162.857,0.000
156.429,-158.571,0.000
156.429,-158.571,20.000
166.429,-147.857,20.000
166.429,-147.857,0.000
192.143,-147.857,0.000
192.143,-143.571,0.000
190.000,-139.286,0.000
187.857,-137.143,0.000
183.571,-135.000,0.000
177.143,-135.000,0.000
172.857,-137.143,0.000
168.571,-141.429,0.000
166.429,-147.857,0.000
166.429,-152.143,0.000
168.571,-158.571,0.000
172.857,-162.857,0.000
177.143,-165.000,0.000
183.571,-165.000,0.000
187.857,-162.857,0.000
192.143,-158.571,0.000
192.143,-158.571,20.000
204.286,-139.286,20.000
204.286,-139.286,0.000
202.143,-141.429,0.000
204.286,-143.571,0.000
206.429,-141.429,0.000
204.286,-139.286,0.000
204.286,-139.286,20.000
204.286,-154.286,20.000
204.286,-154.286,0.000
202.143,-156.429,0.000
204.286,-158.571,0.000
206.429,-156.429,0.000
204.286,-154.286,0.000
204.286,-154.286,20.000
309.000,-135.000,20.000
309.000,-135.000,0.000
297.214,-150.000,0.000
285.429,-165.000,0.000
285.429,-165.000,20.000
285.429,-135.000,20.000
285.429,-135.000,0.000
309.000,-135.000,0.000
309.000,-135.000,20.000
285.429,-165.000,20.000
285.429,-165.000,0.000
309.000,-165.000,0.000
309.000,-165.000,20.000
321.143,-135.000,20.000
321.143,-135.000,0.000
321.143,-150.000,0.000
321.143,-165.000,0.000
321.143,-165.000,20.000
321.143,-143.571,20.000
321.143,-143.571,0.000
327.571,-137.143,0.000
331.857,-135.000,0.000
338.286,-135.000,0.000
342.571,-137.143,0.000
344.714,-143.571,0.000
344.714,-165.000,0.000
344.714,-165.000,20.000
352.571,-147.857,20.000
352.571,-147.857,0.000
378.286,-147.857,0.000
378.286,-143.571,0.000
376.143,-139.286,0.000
374.000,-137.143,0.000
369.714,-135.000,0.000
363.286,-135.000,0.000
359.000,-137.143,0.000
354.714,-141.429,0.000
352.571,-147.857,0.000
352.571,-152.143,0.000
354.714,-158.571,0.000
359.000,-162.857,0.000
363.286,-165.000,0.000
369.714,-165.000,0.000
374.000,-162.857,0.000
378.286,-158.571,0.000
378.286,-158.571,20.000
414.000,-141.429,20.000
414.000,-141.429,0.000
409.714,-137.143,0.000
405.429,-135.000,0.000
399.000,-135.000,0.000
394.714,-137.143,0.000
390.429,-141.429,0.000
388.286,-147.857,0.000
388.286,-152.143,0.000
390.429,-158.571,0.000
394.714,-162.857,0.000
399.000,-165.000,0.000
405.429,-165.000,0.000
409.714,-162.857,0.000
414.000,-158.571,0.000
414.000,-158.571,20.000
426.143,-120.000,20.000
426.143,-120.000,0.000
426.143,-135.000,0.000
426.143,-150.000,0.000
426.143,-165.000,0.000
426.143,-165.000,20.000
426.143,-143.571,20.000
426.143,-143.571,0.000
432.571,-137.143,0.000
436.857,-135.000,0.000
443.286,-135.000,0.000
447.571,-137.143,0.000
449.714,-143.571,0.000
449.714,-165.000,0.000
449.714,-165.000,20.000
459.714,-135.000,20.000
459.714,-135.000,0.000
459.714,-156.429,0.000
461.857,-162.857,0.000
466.143,-165.000,0.000
472.571,-165.000,0.000
476.857,-162.857,0.000
483.286,-156.429,0.000
483.286,-156.429,20.000
483.286,-135.000,20.000
483.286,-135.000,0.000
483.286,-150.000,0.000
483.286,-165.000,0.000
483.286,-165.000,20.000
516.857,-141.429,20.000
516.857,-141.429,0.000
512.571,-137.143,0.000
508.286,-135.000,0.000
501.857,-135.000,0.000
497.571,-137.143,0.000
493.286,-141.429,0.000
491.143,-147.857,0.000
491.143,-152.143,0.000
493.286,-158.571,0.000
497.571,-162.857,0.000
501.857,-165.000,0.000
508.286,-165.000,0.000
512.571,-162.857,0.000
516.857,-158.571,0.000
516.857,-158.571,20.000
526.857,-147.857,20.000
526.857,-147.857,0.000
552.571,-147.857,0.000
552.571,-143.571,0.000
550.429,-139.286,0.000
548.286,-137.143,0.000
544.000,-135.000,0.000
537.571,-135.000,0.000
533.286,-137.143,0.000
529.000,-141.429,0.000
526.857,-147.857,0.000
526.857,-152.143,0.000
529.000,-158.571,0.000
533.286,-162.857,0.000
537.571,-165.000,0.000
544.000,-165.000,0.000
548.286,-162.857,0.000
552.571,-158.571,0.000
552.571,-158.571,20.000
564.714,-135.000,20.000
564.714,-135.000,0.000
564.714,-150.000,0.000
564.714,-165.000,0.000
564.714,-165.000,20.000
564.714,-143.571,20.000
564.714,-143.571,0.000
571.143,-137.143,0.000
575.429,-135.000,0.000
581.857,-135.000,0.000
586.143,-137.143,0.000
588.286,-143.571,0.000
588.286,-165.000,0.000
588.286,-165.000,20.000
594.000,-135.000,20.000
594.000,-135.000,0.000
600.429,-150.000,0.000
606.857,-165.000,0.000
606.857,-165.000,20.000
619.714,-135.000,20.000
619.714,-135.000,0.000
613.286,-150.000,0.000
606.857,-165.000,0.000
602.571,-173.571,0.000
598.286,-177.857,0.000
594.000,-180.000,0.000
591.857,-180.000,0.000
591.857,-180.000,20.000
500.000,-350.000,20.000
