file,true_label,argmax,score_0,score_1,score_2,score_3,score_4,score_5,score_6
anger_176.jpg,anger,1,0.130278,0.283502,0.106898,0.085379,0.091684,0.107880,0.194378
anger_177.jpg,anger,1,0.013087,0.447502,0.002124,0.158568,0.002874,0.373471,0.002374
anger_179.jpg,anger,3,0.005888,0.013201,0.279769,0.404956,0.055030,0.031947,0.209209
anger_204.jpg,anger,3,0.004652,0.024142,0.169918,0.450667,0.056657,0.094719,0.199244
anger_209.jpg,anger,1,0.008015,0.451422,0.024533,0.303146,0.062341,0.100972,0.049570
anger_225.jpg,anger,1,0.006619,0.459423,0.033306,0.221795,0.061067,0.058024,0.159766
anger_227.jpg,anger,3,0.016441,0.011332,0.122929,0.451674,0.238013,0.021740,0.137870
anger_238.jpg,anger,3,0.012435,0.012469,0.221401,0.382126,0.059410,0.038281,0.273877
anger_247.jpg,anger,0,0.589320,0.016568,0.020680,0.037906,0.294197,0.015046,0.026282
anger_250.jpg,anger,3,0.001679,0.010365,0.006021,0.697653,0.227519,0.054283,0.002480
anger_251.jpg,anger,3,0.010045,0.090766,0.164142,0.317579,0.066920,0.082395,0.268152
anger_255.jpg,anger,2,0.006303,0.064682,0.298754,0.237735,0.095392,0.155148,0.141986
anger_257.jpg,anger,6,0.012689,0.014051,0.248849,0.235976,0.202188,0.018836,0.267411
anger_2392.jpg,anger,3,0.000939,0.005000,0.381547,0.447466,0.071169,0.015995,0.077884
anger_2396.jpg,anger,4,0.007059,0.034681,0.153273,0.313517,0.348130,0.027999,0.115341
anger_2403.jpg,anger,3,0.000775,0.006441,0.262196,0.372683,0.313721,0.033153,0.011029
anger_2445.jpg,anger,3,0.003617,0.026720,0.016004,0.807978,0.055631,0.014513,0.075536
anger_2447.jpg,anger,4,0.010777,0.003193,0.004890,0.284201,0.687668,0.004838,0.004433
anger_2458.jpg,anger,3,0.006847,0.030107,0.172078,0.484736,0.112842,0.049377,0.144013
anger_2471.jpg,anger,4,0.000434,0.000949,0.034365,0.050597,0.908340,0.002408,0.002906
anger_2472.jpg,anger,5,0.001002,0.049702,0.020790,0.178454,0.101118,0.641630,0.007305
anger_2479.jpg,anger,1,0.177016,0.350187,0.058478,0.045207,0.167975,0.089826,0.111311
anger_2480.jpg,anger,3,0.006921,0.042955,0.108426,0.417590,0.037184,0.097788,0.289135
anger_2483.jpg,anger,3,0.036054,0.165814,0.059466,0.252339,0.225927,0.179675,0.080726
anger_2530.jpg,anger,3,0.002395,0.008743,0.093569,0.722764,0.069862,0.025379,0.077288
anger_2540.jpg,anger,2,0.003738,0.015500,0.415921,0.273395,0.086572,0.171629,0.033244
anger_2547.jpg,anger,3,0.000826,0.004684,0.217683,0.432059,0.288971,0.016435,0.039341
anger_2554.jpg,anger,5,0.003434,0.275150,0.032448,0.055819,0.026810,0.543616,0.062724
anger_2575.jpg,anger,3,0.012911,0.038940,0.118828,0.524954,0.094577,0.044869,0.164921
anger_2580.jpg,anger,4,0.006154,0.088025,0.027146,0.257748,0.558951,0.031958,0.030018
anger_2582.jpg,anger,6,0.037331,0.042327,0.132059,0.302572,0.045931,0.041088,0.398692
anger_2586.jpg,anger,1,0.009548,0.711430,0.026541,0.112681,0.025653,0.085942,0.028205
anger_2591.jpg,anger,4,0.001391,0.000581,0.000891,0.140719,0.854593,0.000662,0.001163
anger_2597.jpg,anger,3,0.049903,0.013860,0.073211,0.412190,0.308192,0.022232,0.120413
anger_2600.jpg,anger,6,0.053764,0.006030,0.077067,0.383252,0.028694,0.014163,0.437030
anger_2604.jpg,anger,3,0.001620,0.007905,0.135961,0.645781,0.034405,0.024154,0.150174
anger_2620.jpg,anger,3,0.003224,0.018230,0.293884,0.416334,0.142890,0.043960,0.081477
anger_2623.jpg,anger,3,0.003346,0.006348,0.251589,0.547904,0.034773,0.030925,0.125115
anger_2658.jpg,anger,6,0.100057,0.025123,0.090395,0.277533,0.091169,0.019330,0.396393
anger_2663.jpg,anger,3,0.000185,0.002928,0.024035,0.938392,0.013678,0.012079,0.008703
anger_2668.jpg,anger,3,0.000104,0.009539,0.000588,0.972796,0.007340,0.009279,0.000354
anger_3783.jpg,anger,3,0.027443,0.016688,0.078543,0.528336,0.163595,0.021246,0.164150
anger_3785.jpg,anger,3,0.013702,0.008775,0.079033,0.473884,0.271101,0.013298,0.140207
anger_3798.jpg,anger,5,0.008281,0.043028,0.122183,0.214968,0.265430,0.321991,0.024120
anger_3805.jpg,anger,3,0.003258,0.020001,0.230282,0.497132,0.070186,0.055974,0.123167
anger_3806.jpg,anger,3,0.009488,0.008323,0.082999,0.533159,0.060837,0.020147,0.285046
anger_3810.jpg,anger,3,0.018033,0.008440,0.014920,0.549512,0.353995,0.008517,0.046583
anger_3834.jpg,anger,6,0.019755,0.088254,0.160783,0.088466,0.015365,0.111372,0.516004
anger_3845.jpg,anger,6,0.085076,0.064211,0.114649,0.254857,0.112030,0.057743,0.311433
anger_3846.jpg,anger,4,0.000877,0.005135,0.069362,0.404444,0.475540,0.005747,0.038896
anger_3851.jpg,anger,3,0.016277,0.034314,0.168213,0.471252,0.068929,0.096924,0.144091
anger_3852.jpg,anger,3,0.100843,0.020948,0.152340,0.268871,0.211117,0.027183,0.218698
anger_3855.jpg,anger,6,0.029749,0.064911,0.171694,0.182984,0.075830,0.037996,0.436836
anger_3858.jpg,anger,1,0.005839,0.485792,0.024936,0.228271,0.145595,0.058081,0.051487
anger_3859.jpg,anger,6,0.095653,0.064923,0.256854,0.147128,0.081758,0.076740,0.276945
anger_4145.jpg,anger,4,0.033821,0.018343,0.036833,0.385343,0.453528,0.026001,0.046132
anger_4149.jpg,anger,3,0.003861,0.014486,0.027984,0.790139,0.084660,0.030485,0.048385
anger_4161.jpg,anger,4,0.012966,0.014599,0.040689,0.263579,0.602602,0.016745,0.048820
anger_4167.jpg,anger,6,0.161398,0.023197,0.055684,0.151839,0.216475,0.021340,0.370068
anger_4172.jpg,anger,2,0.070354,0.015657,0.356593,0.150962,0.031546,0.157082,0.217806
anger_4181.jpg,anger,3,0.014014,0.016869,0.238177,0.384260,0.127655,0.089297,0.129728
anger_4182.jpg,anger,2,0.003354,0.006497,0.533364,0.073366,0.019445,0.035198,0.328776
anger_4186.jpg,anger,3,0.008463,0.003578,0.072325,0.688688,0.033759,0.011572,0.181615
anger_4197.jpg,anger,3,0.002520,0.001115,0.048660,0.812805,0.067530,0.005011,0.062359
anger_4200.jpg,anger,3,0.037452,0.039950,0.077981,0.368220,0.314076,0.028363,0.133959
anger_4207.jpg,anger,3,0.015993,0.022546,0.135419,0.479088,0.040044,0.050386,0.256524
anger_4213.jpg,anger,3,0.001968,0.006053,0.035448,0.801081,0.079219,0.012700,0.063531
anger_4215.jpg,anger,3,0.007607,0.015455,0.009050,0.678993,0.024066,0.263577,0.001252
anger_4226.jpg,anger,3,0.011882,0.218537,0.015068,0.333278,0.307283,0.067839,0.046114
anger_4229.jpg,anger,3,0.000029,0.000216,0.000526,0.962315,0.035430,0.001108,0.000377
anger_4403.jpg,anger,2,0.005363,0.118768,0.435386,0.091900,0.159419,0.048108,0.141056
anger_4428.jpg,anger,3,0.027767,0.129955,0.045249,0.449404,0.166088,0.109835,0.071703
anger_4440.jpg,anger,3,0.004865,0.025150,0.216107,0.386481,0.195914,0.061826,0.109656
anger_4442.jpg,anger,6,0.041124,0.008040,0.090731,0.359643,0.029092,0.015150,0.456221
anger_4467.jpg,anger,3,0.001096,0.002778,0.283426,0.322512,0.321488,0.010634,0.058066
anger_4475.jpg,anger,6,0.073748,0.092880,0.054362,0.269550,0.120712,0.021578,0.367170
anger_4480.jpg,anger,3,0.000494,0.002081,0.024955,0.876705,0.015452,0.003627,0.076686
anger_4482.jpg,anger,3,0.000240,0.009375,0.001419,0.808478,0.007224,0.172943,0.000321
anger_4486.jpg,anger,1,0.034419,0.278832,0.056224,0.191020,0.210942,0.092156,0.136407
anger_4892.jpg,anger,3,0.001127,0.007272,0.035945,0.768974,0.143269,0.010979,0.032435
anger_4902.jpg,anger,4,0.000578,0.001888,0.019812,0.250740,0.713879,0.002875,0.010228
anger_4907.jpg,anger,3,0.009729,0.028285,0.055025,0.534964,0.023037,0.024850,0.324109
anger_4919.jpg,anger,3,0.002080,0.006632,0.127696,0.682942,0.041799,0.026539,0.112312
anger_4955.jpg,anger,1,0.015889,0.272738,0.201970,0.152577,0.090963,0.168747,0.097116
anger_4956.jpg,anger,4,0.004005,0.013105,0.019033,0.320101,0.610540,0.015061,0.018155
anger_4958.jpg,anger,4,0.025935,0.121150,0.053528,0.258711,0.277508,0.227940,0.035229
anger_5551.jpg,anger,3,0.001831,0.007536,0.146871,0.490479,0.273037,0.035294,0.044953
anger_5553.jpg,anger,3,0.000756,0.002354,0.079116,0.832368,0.059302,0.009294,0.016809
anger_5563.jpg,anger,2,0.005612,0.014973,0.359878,0.312196,0.085936,0.070652,0.150754
anger_5570.jpg,anger,6,0.102222,0.132349,0.084029,0.177405,0.089691,0.064637,0.349666
anger_5578.jpg,anger,4,0.004210,0.032968,0.014732,0.416035,0.479627,0.038984,0.013445
anger_5603.jpg,anger,3,0.009282,0.089816,0.078129,0.396665,0.044437,0.067852,0.313817
anger_5605.jpg,anger,3,0.001196,0.002733,0.022869,0.764017,0.166555,0.004502,0.038128
anger_5610.jpg,anger,3,0.002680,0.004547,0.086988,0.691618,0.142115,0.010315,0.061738
anger_5623.jpg,anger,3,0.005833,0.046007,0.082195,0.446903,0.330304,0.026245,0.062513
anger_5631.jpg,anger,3,0.002807,0.007264,0.024466,0.504517,0.403922,0.005417,0.051607
anger_5636.jpg,anger,2,0.005698,0.031098,0.387606,0.356470,0.061169,0.081245,0.076713
anger_5638.jpg,anger,3,0.008461,0.010738,0.135296,0.451583,0.027852,0.023433,0.342637
anger_5645.jpg,anger,3,0.006831,0.010353,0.112035,0.448874,0.028251,0.022330,0.371325
anger_5649.jpg,anger,4,0.001109,0.012360,0.216415,0.195365,0.349162,0.190622,0.034967
disgust_195.jpg,disgust,3,0.023311,0.052049,0.083525,0.500289,0.116340,0.086901,0.137583
disgust_196.jpg,disgust,3,0.000028,0.003593,0.000448,0.634066,0.352767,0.008751,0.000347
disgust_231.jpg,disgust,1,0.081818,0.419354,0.036013,0.057696,0.089770,0.208035,0.107315
disgust_232.jpg,disgust,3,0.011618,0.027720,0.113889,0.419719,0.218734,0.068537,0.139784
disgust_236.jpg,disgust,6,0.026775,0.169048,0.155561,0.159614,0.101962,0.134765,0.252275
disgust_237.jpg,disgust,4,0.021123,0.020515,0.004473,0.185929,0.739622,0.012791,0.015547
disgust_248.jpg,disgust,4,0.000185,0.000656,0.129415,0.024779,0.831339,0.008733,0.004892
disgust_258.jpg,disgust,4,0.082733,0.074904,0.111059,0.098129,0.398627,0.158018,0.076529
disgust_1423.jpg,disgust,4,0.001576,0.006844,0.013304,0.227986,0.733505,0.010132,0.006653
disgust_1431.jpg,disgust,4,0.019485,0.039505,0.030553,0.148955,0.590165,0.160349,0.010988
disgust_1434.jpg,disgust,4,0.047071,0.225383,0.046320,0.240070,0.325170,0.060407,0.055578
disgust_1436.jpg,disgust,4,0.017672,0.092022,0.244446,0.094202,0.322008,0.122361,0.107289
disgust_1446.jpg,disgust,1,0.002166,0.483393,0.020050,0.004906,0.006355,0.458512,0.024618
disgust_1455.jpg,disgust,3,0.014795,0.106517,0.207714,0.222955,0.076593,0.185491,0.185933
disgust_1485.jpg,disgust,4,0.011813,0.096068,0.239213,0.168575,0.276676,0.110641,0.097014
disgust_1497.jpg,disgust,4,0.010185,0.007312,0.099361,0.157334,0.590517,0.131064,0.004228
disgust_1508.jpg,disgust,4,0.004595,0.043051,0.146171,0.033711,0.558927,0.204910,0.008636
disgust_2296.jpg,disgust,4,0.229490,0.010604,0.027916,0.190700,0.378197,0.007472,0.155621
disgust_2395.jpg,disgust,6,0.039692,0.076370,0.140768,0.251974,0.074659,0.118288,0.298249
disgust_2411.jpg,disgust,6,0.014274,0.023906,0.231112,0.078526,0.012772,0.085412,0.553999
disgust_2420.jpg,disgust,4,0.000048,0.000082,0.001041,0.048765,0.949439,0.000360,0.000265
disgust_2425.jpg,disgust,4,0.042557,0.024593,0.007261,0.255146,0.633045,0.015532,0.021866
disgust_2428.jpg,disgust,4,0.093999,0.147786,0.062821,0.101497,0.369690,0.150757,0.073449
disgust_2450.jpg,disgust,3,0.008998,0.061564,0.140342,0.372079,0.271250,0.070683,0.075084
disgust_2455.jpg,disgust,4,0.001669,0.003725,0.003102,0.041435,0.942041,0.005997,0.002031
disgust_2461.jpg,disgust,4,0.047580,0.213521,0.103181,0.139001,0.242368,0.128185,0.126163
disgust_2469.jpg,disgust,5,0.218116,0.120252,0.074104,0.065592,0.202645,0.291504,0.027787
disgust_2477.jpg,disgust,0,0.358511,0.016193,0.058154,0.116006,0.091279,0.012811,0.347045
disgust_2570.jpg,disgust,6,0.018095,0.052585,0.212628,0.281655,0.073388,0.061945,0.299704
disgust_2571.jpg,disgust,0,0.483576,0.008050,0.002126,0.008847,0.482836,0.003470,0.011095
disgust_2577.jpg,disgust,4,0.006986,0.020630,0.114877,0.222913,0.481171,0.026791,0.126632
disgust_2594.jpg,disgust,4,0.004484,0.018522,0.017199,0.078830,0.839344,0.028920,0.012701
disgust_2598.jpg,disgust,4,0.001037,0.002045,0.004157,0.086360,0.900240,0.001685,0.004476
disgust_2618.jpg,disgust,2,0.032205,0.243674,0.284739,0.074265,0.076892,0.119117,0.169107
disgust_2635.jpg,disgust,4,0.000121,0.001385,0.010096,0.010491,0.972488,0.003821,0.001599
disgust_2645.jpg,disgust,2,0.106266,0.033483,0.372650,0.094713,0.179367,0.136781,0.076740
disgust_2653.jpg,disgust,0,0.399034,0.095194,0.035450,0.103670,0.191368,0.056666,0.118620
disgust_2659.jpg,disgust,6,0.178649,0.045661,0.248055,0.037283,0.093982,0.030469,0.365901
disgust_2669.jpg,disgust,4,0.000465,0.000735,0.002746,0.027927,0.965216,0.001371,0.001540
disgust_2674.jpg,disgust,3,0.033057,0.046248,0.089446,0.334618,0.170645,0.029732,0.296255
disgust_2746.jpg,disgust,4,0.000303,0.000976,0.032381,0.125811,0.833530,0.002737,0.004262
disgust_2778.jpg,disgust,4,0.009369,0.004425,0.067148,0.067081,0.820774,0.007384,0.023818
disgust_2781.jpg,disgust,3,0.007512,0.021032,0.239775,0.362483,0.128875,0.059248,0.181076
disgust_2797.jpg,disgust,4,0.003310,0.003987,0.019072,0.052748,0.906675,0.005405,0.008804
disgust_2807.jpg,disgust,3,0.001925,0.009069,0.192059,0.546659,0.131211,0.024876,0.094202
disgust_2815.jpg,disgust,6,0.063084,0.088778,0.224620,0.124160,0.078142,0.075425,0.345792
disgust_2817.jpg,disgust,3,0.012429,0.115620,0.118752,0.313884,0.156688,0.163345,0.119282
disgust_3290.jpg,disgust,4,0.001590,0.007469,0.011014,0.320017,0.644670,0.005252,0.009989
disgust_3300.jpg,disgust,4,0.003363,0.013810,0.086362,0.397471,0.447683,0.018807,0.032504
disgust_3311.jpg,disgust,4,0.018945,0.122384,0.024285,0.073890,0.563251,0.176148,0.021097
disgust_3320.jpg,disgust,4,0.334242,0.032284,0.009847,0.053662,0.524251,0.018113,0.027600
disgust_3327.jpg,disgust,3,0.003516,0.017364,0.099670,0.442051,0.228025,0.172241,0.037133
disgust_3333.jpg,disgust,4,0.004430,0.009015,0.005764,0.282983,0.679714,0.003958,0.014136
disgust_3334.jpg,disgust,4,0.000059,0.000107,0.001530,0.017577,0.979920,0.000567,0.000239
disgust_3344.jpg,disgust,4,0.009329,0.003322,0.020202,0.133165,0.807261,0.004706,0.022016
disgust_3351.jpg,disgust,2,0.001722,0.003628,0.460623,0.066844,0.303968,0.008632,0.154583
disgust_3356.jpg,disgust,4,0.070261,0.072133,0.154463,0.144346,0.312319,0.100710,0.145768
disgust_3794.jpg,disgust,4,0.002027,0.010575,0.004360,0.062028,0.891712,0.026985,0.002314
disgust_3795.jpg,disgust,4,0.000466,0.004586,0.011564,0.098161,0.840003,0.043326,0.001895
disgust_3813.jpg,disgust,6,0.065910,0.056197,0.160062,0.139708,0.209254,0.058657,0.310211
disgust_3816.jpg,disgust,4,0.003409,0.024735,0.115068,0.038290,0.756347,0.034316,0.027836
disgust_3825.jpg,disgust,2,0.010006,0.059007,0.472038,0.061584,0.080126,0.257335,0.059904
disgust_3828.jpg,disgust,4,0.000012,0.000056,0.001714,0.020418,0.977392,0.000218,0.000189
disgust_3853.jpg,disgust,4,0.059705,0.065210,0.120442,0.094497,0.428882,0.040611,0.190653
disgust_3860.jpg,disgust,4,0.000707,0.002004,0.027811,0.292181,0.659892,0.012297,0.005108
disgust_3867.jpg,disgust,4,0.013692,0.002059,0.003376,0.028157,0.946987,0.003243,0.002486
disgust_3872.jpg,disgust,4,0.000110,0.000099,0.000266,0.005490,0.993620,0.000279,0.000135
disgust_4153.jpg,disgust,4,0.000177,0.001534,0.084304,0.106939,0.795004,0.006530,0.005512
disgust_4164.jpg,disgust,4,0.004090,0.004569,0.016260,0.039331,0.915978,0.012658,0.007114
disgust_4165.jpg,disgust,4,0.000275,0.000988,0.002279,0.075741,0.917433,0.002095,0.001188
disgust_4169.jpg,disgust,4,0.000538,0.000763,0.005497,0.076517,0.912662,0.002088,0.001935
disgust_4187.jpg,disgust,4,0.020932,0.069719,0.063886,0.325321,0.329628,0.090740,0.099775
disgust_4209.jpg,disgust,4,0.080583,0.088999,0.050667,0.247034,0.353255,0.078530,0.100933
disgust_4224.jpg,disgust,4,0.000008,0.000036,0.001228,0.001688,0.996483,0.000528,0.000030
disgust_4233.jpg,disgust,4,0.123352,0.083110,0.059535,0.168149,0.410084,0.046230,0.109540
disgust_4235.jpg,disgust,4,0.003287,0.007358,0.032388,0.279460,0.639736,0.012960,0.024812
disgust_4241.jpg,disgust,4,0.000129,0.006433,0.002038,0.094437,0.887667,0.008380,0.000916
disgust_4404.jpg,disgust,4,0.008485,0.011478,0.118721,0.056911,0.740052,0.028834,0.035517
disgust_4416.jpg,disgust,4,0.001556,0.004911,0.015030,0.033532,0.928507,0.010791,0.005673
disgust_4427.jpg,disgust,4,0.013906,0.044014,0.183360,0.247835,0.350127,0.046260,0.114497
disgust_4448.jpg,disgust,4,0.029006,0.066198,0.237812,0.153083,0.242525,0.033962,0.237414
disgust_4452.jpg,disgust,4,0.000009,0.000043,0.003362,0.005896,0.990095,0.000496,0.000099
disgust_4457.jpg,disgust,3,0.000703,0.054582,0.002032,0.490109,0.382739,0.068184,0.001652
disgust_4462.jpg,disgust,4,0.017104,0.108135,0.205452,0.112973,0.248509,0.169993,0.137835
disgust_4474.jpg,disgust,4,0.021987,0.016238,0.051443,0.233900,0.599660,0.018486,0.058286
disgust_4488.jpg,disgust,1,0.009797,0.373705,0.054099,0.143594,0.053633,0.221005,0.144168
disgust_4490.jpg,disgust,4,0.005786,0.012405,0.160055,0.299357,0.342332,0.013467,0.166596
disgust_4876.jpg,disgust,4,0.135298,0.022482,0.041757,0.156736,0.579048,0.030203,0.034477
disgust_4878.jpg,disgust,4,0.000158,0.000102,0.000185,0.002862,0.996344,0.000276,0.000074
disgust_4880.jpg,disgust,4,0.000302,0.000124,0.001957,0.056321,0.939110,0.000198,0.001988
disgust_4882.jpg,disgust,4,0.000194,0.000770,0.006070,0.068058,0.921894,0.001113,0.001902
disgust_4914.jpg,disgust,4,0.016301,0.058518,0.082446,0.288907,0.446539,0.044904,0.062385
disgust_4922.jpg,disgust,3,0.038583,0.039055,0.106564,0.370996,0.252580,0.031686,0.160536
disgust_4933.jpg,disgust,4,0.064423,0.003320,0.012644,0.010701,0.899073,0.007025,0.002814
disgust_4938.jpg,disgust,4,0.006131,0.013841,0.053561,0.235493,0.625912,0.039493,0.025569
disgust_4943.jpg,disgust,3,0.010868,0.008147,0.037225,0.459049,0.398544,0.009636,0.076531
disgust_5596.jpg,disgust,4,0.002989,0.003527,0.013473,0.074012,0.890491,0.008902,0.006606
disgust_5619.jpg,disgust,4,0.000075,0.000101,0.000741,0.042227,0.956288,0.000192,0.000377
disgust_5620.jpg,disgust,6,0.068815,0.078818,0.175659,0.086858,0.032625,0.081460,0.475764
disgust_5622.jpg,disgust,0,0.297754,0.222359,0.059466,0.038314,0.052119,0.057212,0.272777
fear_174.jpg,fear,1,0.009125,0.320056,0.054871,0.209633,0.038021,0.238974,0.129320
fear_194.jpg,fear,5,0.003969,0.203073,0.030772,0.023540,0.015667,0.697072,0.025907
fear_198.jpg,fear,5,0.003549,0.286551,0.027182,0.016987,0.012574,0.627620,0.025537
fear_206.jpg,fear,5,0.003177,0.432873,0.041473,0.012097,0.005658,0.473886,0.030835
fear_214.jpg,fear,5,0.000890,0.171457,0.002836,0.001591,0.002971,0.819841,0.000414
fear_218.jpg,fear,5,0.000527,0.011625,0.239681,0.003763,0.002445,0.741336,0.000624
fear_220.jpg,fear,1,0.002960,0.693509,0.000996,0.002210,0.003389,0.294303,0.002634
fear_243.jpg,fear,2,0.023243,0.072519,0.248553,0.162034,0.057272,0.194477,0.241903
fear_261.jpg,fear,6,0.030085,0.258072,0.187796,0.030142,0.024409,0.162299,0.307198
fear_1416.jpg,fear,5,0.001544,0.197212,0.055616,0.011826,0.022830,0.691939,0.019032
fear_1420.jpg,fear,1,0.002208,0.628465,0.011076,0.012349,0.007364,0.329782,0.008756
fear_1424.jpg,fear,5,0.000655,0.093546,0.007585,0.016368,0.004948,0.875476,0.001422
fear_1427.jpg,fear,5,0.002519,0.226419,0.033295,0.011454,0.013676,0.678444,0.034194
fear_1429.jpg,fear,5,0.000304,0.122130,0.003972,0.009830,0.013230,0.849591,0.000943
fear_1435.jpg,fear,5,0.015892,0.243421,0.100094,0.091428,0.062464,0.307023,0.179678
fear_1444.jpg,fear,5,0.008475,0.302475,0.034638,0.039655,0.065970,0.518569,0.030219
fear_1450.jpg,fear,2,0.033480,0.054133,0.440135,0.063291,0.023785,0.138862,0.246313
fear_1467.jpg,fear,1,0.003168,0.673688,0.011127,0.020428,0.014448,0.264681,0.012461
fear_1469.jpg,fear,5,0.000295,0.085424,0.005520,0.002527,0.000829,0.904400,0.001004
fear_1471.jpg,fear,6,0.021442,0.017549,0.201594,0.265303,0.075355,0.030203,0.388554
fear_1472.jpg,fear,5,0.002477,0.190182,0.115741,0.013642,0.043261,0.624012,0.010686
fear_2384.jpg,fear,5,0.000141,0.015619,0.002267,0.001047,0.000310,0.980473,0.000142
fear_2415.jpg,fear,5,0.000961,0.312183,0.040501,0.008273,0.005319,0.620051,0.012711
fear_2435.jpg,fear,1,0.008051,0.494742,0.047357,0.045539,0.019000,0.339525,0.045786
fear_2459.jpg,fear,1,0.034816,0.410462,0.084881,0.025294,0.022102,0.352057,0.070388
fear_2463.jpg,fear,0,0.475971,0.356570,0.003284,0.007872,0.007603,0.142556,0.006144
fear_2532.jpg,fear,2,0.007620,0.032124,0.413089,0.136459,0.023492,0.110036,0.277180
fear_2557.jpg,fear,5,0.000373,0.105897,0.001844,0.004321,0.006319,0.880597,0.000649
fear_2566.jpg,fear,5,0.000387,0.068649,0.054937,0.005513,0.027038,0.839152,0.004324
fear_2587.jpg,fear,5,0.000033,0.149448,0.001500,0.001194,0.000485,0.845750,0.001589
fear_2595.jpg,fear,5,0.000540,0.303978,0.002904,0.012568,0.030260,0.648545,0.001206
fear_2609.jpg,fear,5,0.000528,0.140567,0.027967,0.014499,0.002078,0.774425,0.039937
fear_2611.jpg,fear,2,0.007161,0.035166,0.334982,0.150904,0.047869,0.281284,0.142635
fear_2614.jpg,fear,5,0.000002,0.006484,0.000640,0.000201,0.000134,0.992523,0.000016
fear_2617.jpg,fear,2,0.002105,0.014038,0.556822,0.097633,0.024674,0.248115,0.056613
fear_2631.jpg,fear,0,0.906443,0.059731,0.001730,0.002999,0.009200,0.006694,0.013202
fear_2632.jpg,fear,1,0.011638,0.417916,0.052751,0.040485,0.009837,0.088353,0.379021
fear_2638.jpg,fear,3,0.009776,0.038265,0.253430,0.309311,0.074397,0.173428,0.141393
fear_2649.jpg,fear,3,0.016124,0.086152,0.183598,0.304299,0.059653,0.058335,0.291840
fear_2664.jpg,fear,5,0.002728,0.086259,0.302601,0.014215,0.011049,0.548533,0.034616
fear_2671.jpg,fear,5,0.002468,0.343061,0.030262,0.012402,0.008014,0.545278,0.058515
fear_2679.jpg,fear,5,0.013808,0.127227,0.211966,0.076057,0.030847,0.290817,0.249277
fear_2683.jpg,fear,5,0.000434,0.229725,0.006084,0.003903,0.004143,0.750232,0.005480
fear_2691.jpg,fear,5,0.000124,0.168090,0.000580,0.001765,0.000470,0.828736,0.000235
fear_2703.jpg,fear,5,0.001154,0.428435,0.011512,0.008463,0.006223,0.532345,0.011868
fear_2706.jpg,fear,0,0.439545,0.267103,0.033955,0.038027,0.080383,0.094311,0.046677
fear_3277.jpg,fear,5,0.000149,0.081732,0.002632,0.001297,0.000539,0.913251,0.000401
fear_3780.jpg,fear,1,0.043398,0.307988,0.183034,0.047177,0.035617,0.170355,0.212430
fear_3802.jpg,fear,1,0.031220,0.619780,0.006718,0.015971,0.011287,0.300812,0.014211
fear_3817.jpg,fear,1,0.024736,0.245019,0.082516,0.204410,0.196450,0.085235,0.161633
fear_3822.jpg,fear,1,0.006472,0.448580,0.152261,0.014880,0.011149,0.116417,0.250241
fear_3841.jpg,fear,5,0.001640,0.030402,0.348085,0.053956,0.046609,0.485557,0.033750
fear_3850.jpg,fear,5,0.000000,0.000385,0.000143,0.000095,0.000016,0.999360,0.000001
fear_3861.jpg,fear,6,0.063511,0.111712,0.122170,0.064122,0.054960,0.041752,0.541773
fear_3863.jpg,fear,5,0.000165,0.340805,0.004123,0.021581,0.002442,0.621141,0.009743
fear_3866.jpg,fear,5,0.000989,0.066748,0.096539,0.025014,0.071622,0.730395,0.008693
fear_4147.jpg,fear,1,0.003559,0.528912,0.010236,0.021485,0.004892,0.422353,0.008562
fear_4168.jpg,fear,2,0.002253,0.008238,0.426463,0.244247,0.023037,0.122809,0.172952
fear_4171.jpg,fear,1,0.012985,0.427060,0.107412,0.030674,0.016672,0.176862,0.228336
fear_4179.jpg,fear,1,0.015706,0.375726,0.135803,0.045506,0.037108,0.064232,0.325919
fear_4180.jpg,fear,6,0.004284,0.008891,0.297553,0.022028,0.006016,0.015278,0.645949
fear_4191.jpg,fear,2,0.001205,0.047238,0.657928,0.008902,0.011742,0.235370,0.037617
fear_4202.jpg,fear,2,0.021586,0.014042,0.499471,0.050173,0.032351,0.362003,0.020374
fear_4221.jpg,fear,2,0.034697,0.033058,0.395932,0.077075,0.015595,0.253080,0.190563
fear_4234.jpg,fear,5,0.002338,0.406290,0.006376,0.034443,0.020134,0.516267,0.014152
fear_4238.jpg,fear,2,0.015319,0.069565,0.519549,0.058719,0.063970,0.164730,0.108148
fear_4419.jpg,fear,5,0.001444,0.029229,0.003192,0.052634,0.002932,0.910365,0.000203
fear_4438.jpg,fear,5,0.000273,0.057296,0.022449,0.013677,0.011025,0.891165,0.004115
fear_4456.jpg,fear,6,0.007099,0.251382,0.265806,0.066026,0.028351,0.114735,0.266601
fear_4459.jpg,fear,1,0.015700,0.783249,0.037986,0.005017,0.003099,0.126696,0.028253
fear_4463.jpg,fear,5,0.002545,0.278415,0.062639,0.025188,0.006244,0.376960,0.248008
fear_4477.jpg,fear,5,0.002158,0.313415,0.016480,0.023303,0.011393,0.608671,0.024580
fear_4478.jpg,fear,5,0.001069,0.081562,0.059191,0.015070,0.005596,0.805095,0.032416
fear_4479.jpg,fear,1,0.001922,0.632931,0.003751,0.010266,0.004192,0.340167,0.006771
fear_4481.jpg,fear,2,0.001961,0.008612,0.590657,0.017751,0.007364,0.358220,0.015435
fear_4493.jpg,fear,5,0.000050,0.041603,0.000921,0.004542,0.000403,0.952256,0.000225
fear_4494.jpg,fear,5,0.047467,0.087338,0.030627,0.199399,0.157929,0.469100,0.008139
fear_4879.jpg,fear,5,0.000006,0.006376,0.000517,0.000063,0.000043,0.992979,0.000015
fear_4881.jpg,fear,1,0.052345,0.454102,0.018180,0.050919,0.073295,0.326750,0.024408
fear_4885.jpg,fear,2,0.000134,0.002266,0.833025,0.002897,0.001806,0.159165,0.000707
fear_4899.jpg,fear,5,0.003088,0.422611,0.011074,0.004584,0.002550,0.542226,0.013867
fear_4910.jpg,fear,1,0.032961,0.504231,0.066240,0.012205,0.007188,0.287681,0.089494
fear_4915.jpg,fear,5,0.000138,0.146124,0.000801,0.001990,0.000461,0.850270,0.000217
fear_4927.jpg,fear,5,0.003297,0.142274,0.090264,0.061888,0.018228,0.549343,0.134706
fear_4936.jpg,fear,5,0.012490,0.234857,0.050946,0.115710,0.088471,0.428829,0.068697
fear_4949.jpg,fear,5,0.002418,0.040405,0.118674,0.017962,0.014207,0.786954,0.019380
fear_4961.jpg,fear,1,0.003278,0.546771,0.035130,0.005271,0.006904,0.323587,0.079058
fear_5554.jpg,fear,5,0.000190,0.069108,0.016998,0.002320,0.000922,0.904861,0.005601
fear_5577.jpg,fear,5,0.000123,0.205901,0.005897,0.000791,0.000437,0.784543,0.002308
fear_5582.jpg,fear,6,0.212443,0.134284,0.181196,0.060629,0.042737,0.100582,0.268129
fear_5585.jpg,fear,5,0.000017,0.041158,0.002530,0.000438,0.000333,0.955133,0.000392
fear_5594.jpg,fear,5,0.000194,0.122493,0.002414,0.003008,0.005662,0.865809,0.000420
fear_5599.jpg,fear,5,0.000009,0.010042,0.002031,0.000198,0.000070,0.987373,0.000277
fear_5604.jpg,fear,1,0.002964,0.551859,0.000454,0.002273,0.003455,0.438374,0.000620
fear_5612.jpg,fear,5,0.002261,0.241333,0.046996,0.018789,0.017486,0.638661,0.034474
fear_5629.jpg,fear,1,0.002957,0.556554,0.008363,0.002563,0.003453,0.417759,0.008351
fear_5632.jpg,fear,5,0.000014,0.012106,0.000816,0.003120,0.006693,0.977222,0.000029
fear_5639.jpg,fear,2,0.004936,0.194919,0.319070,0.112625,0.094163,0.151506,0.122780
fear_5643.jpg,fear,2,0.028696,0.116971,0.302260,0.090959,0.091075,0.090641,0.279399
fear_5646.jpg,fear,5,0.000063,0.105434,0.001438,0.002013,0.002336,0.888426,0.000290
happiness_171.jpg,happiness,0,0.490233,0.062423,0.037309,0.015909,0.030986,0.019214,0.343926
happiness_180.jpg,happiness,0,0.979366,0.010383,0.000885,0.000301,0.003510,0.002145,0.003410
happiness_185.jpg,happiness,0,0.994392,0.002573,0.000168,0.000272,0.001584,0.000695,0.000315
happiness_211.jpg,happiness,0,0.963848,0.026629,0.000725,0.000288,0.002342,0.004669,0.001499
happiness_240.jpg,happiness,0,0.869480,0.117859,0.000287,0.000425,0.001118,0.009957,0.000875
happiness_244.jpg,happiness,2,0.274321,0.020374,0.322712,0.017108,0.018785,0.041320,0.305380
happiness_246.jpg,happiness,0,0.984360,0.006516,0.000454,0.000032,0.000315,0.000480,0.007843
happiness_259.jpg,happiness,0,0.998402,0.000752,0.000033,0.000019,0.000416,0.000118,0.000260
happiness_260.jpg,happiness,0,0.298870,0.143446,0.200989,0.028779,0.070200,0.055168,0.202549
happiness_267.jpg,happiness,0,0.995987,0.001754,0.000141,0.000066,0.000626,0.000396,0.001030
happiness_268.jpg,happiness,0,0.992308,0.005592,0.000133,0.000043,0.000821,0.000796,0.000307
happiness_2393.jpg,happiness,6,0.144047,0.232300,0.063002,0.043463,0.040700,0.045726,0.430761
happiness_2531.jpg,happiness,2,0.192752,0.025977,0.383854,0.085667,0.136994,0.041757,0.132999
happiness_2535.jpg,happiness,2,0.062753,0.033862,0.694342,0.028968,0.043697,0.037121,0.099257
happiness_2537.jpg,happiness,0,0.499245,0.062100,0.062831,0.104154,0.165524,0.050522,0.055624
happiness_2538.jpg,happiness,1,0.359668,0.395409,0.014397,0.020681,0.083973,0.061416,0.064457
happiness_2543.jpg,happiness,0,0.990895,0.001226,0.000275,0.000093,0.001563,0.000200,0.005747
happiness_2549.jpg,happiness,0,0.998039,0.001571,0.000012,0.000003,0.000069,0.000078,0.000228
happiness_2551.jpg,happiness,0,0.852325,0.028852,0.033824,0.005234,0.029212,0.043375,0.007179
happiness_2555.jpg,happiness,0,0.669789,0.118153,0.065819,0.013885,0.057596,0.050564,0.024194
happiness_2565.jpg,happiness,6,0.309960,0.064450,0.079935,0.038046,0.069960,0.032384,0.405264
happiness_2572.jpg,happiness,0,0.463659,0.100329,0.046916,0.070574,0.198674,0.056520,0.063328
happiness_2573.jpg,happiness,0,0.530227,0.167729,0.008867,0.042575,0.181976,0.036951,0.031675
happiness_2581.jpg,happiness,0,0.920094,0.070058,0.000403,0.000266,0.000925,0.004045,0.004209
happiness_2590.jpg,happiness,0,0.957894,0.010225,0.002843,0.002801,0.018402,0.005512,0.002323
happiness_2605.jpg,happiness,0,0.396352,0.331912,0.042761,0.028393,0.036891,0.090034,0.073656
happiness_2610.jpg,happiness,0,0.345564,0.024289,0.283938,0.054726,0.050437,0.049450,0.191596
happiness_2615.jpg,happiness,0,0.991507,0.001641,0.000573,0.000275,0.000911,0.000587,0.004505
happiness_2619.jpg,happiness,0,0.563995,0.074207,0.022540,0.130687,0.108444,0.026299,0.073828
happiness_2622.jpg,happiness,0,0.778800,0.084040,0.020234,0.020673,0.021778,0.030311,0.044163
happiness_2625.jpg,happiness,0,0.994657,0.002234,0.000213,0.000068,0.002043,0.000548,0.000237
happiness_3774.jpg,happiness,0,0.995287,0.002534,0.000147,0.000133,0.000894,0.000480,0.000525
happiness_3775.jpg,happiness,0,0.983756,0.003960,0.000179,0.000595,0.009328,0.000762,0.001420
happiness_3782.jpg,happiness,0,0.995928,0.001206,0.000125,0.000034,0.000106,0.000179,0.002423
happiness_3786.jpg,happiness,2,0.074252,0.002436,0.842424,0.029085,0.004405,0.038771,0.008627
happiness_3789.jpg,happiness,0,0.346616,0.253792,0.060114,0.014605,0.025825,0.041589,0.257459
happiness_3791.jpg,happiness,2,0.214878,0.027924,0.494217,0.026574,0.022009,0.063733,0.150665
happiness_3803.jpg,happiness,0,0.532415,0.242559,0.030191,0.012612,0.035247,0.055828,0.091147
happiness_3818.jpg,happiness,1,0.093302,0.783969,0.002515,0.002550,0.001064,0.107274,0.009326
happiness_3820.jpg,happiness,1,0.304650,0.402942,0.022238,0.038869,0.033909,0.085818,0.111574
happiness_3827.jpg,happiness,0,0.963300,0.008682,0.001929,0.003258,0.010267,0.004285,0.008279
happiness_3832.jpg,happiness,0,0.945535,0.007047,0.012636,0.001911,0.015731,0.005110,0.012030
happiness_3840.jpg,happiness,0,0.566355,0.013838,0.268669,0.006964,0.010856,0.017019,0.116299
happiness_3843.jpg,happiness,6,0.134999,0.099100,0.110779,0.018831,0.012961,0.034176,0.589153
happiness_3849.jpg,happiness,0,0.515932,0.330322,0.021493,0.007499,0.021961,0.076493,0.026299
happiness_3854.jpg,happiness,0,0.709084,0.113834,0.062747,0.014710,0.023882,0.045051,0.030692
happiness_3865.jpg,happiness,0,0.581444,0.338777,0.005702,0.003006,0.005928,0.033969,0.031174
happiness_3869.jpg,happiness,0,0.431927,0.102059,0.137245,0.063928,0.074645,0.091327,0.098869
happiness_3870.jpg,happiness,0,0.865845,0.014499,0.011573,0.019689,0.054237,0.011157,0.022999
happiness_4158.jpg,happiness,0,0.712980,0.027699,0.035873,0.007703,0.140951,0.069576,0.005220
happiness_4160.jpg,happiness,0,0.997302,0.001180,0.000117,0.000032,0.000121,0.000143,0.001106
happiness_4163.jpg,happiness,0,0.756174,0.009953,0.035962,0.020510,0.149007,0.010472,0.017923
happiness_4170.jpg,happiness,0,0.515424,0.264175,0.029230,0.018164,0.030900,0.098580,0.043527
happiness_4183.jpg,happiness,0,0.590343,0.086433,0.024881,0.012220,0.016974,0.016419,0.252729
happiness_4184.jpg,happiness,0,0.999744,0.000143,0.000005,0.000001,0.000027,0.000017,0.000062
happiness_4185.jpg,happiness,0,0.982806,0.009535,0.000479,0.000147,0.004346,0.001499,0.001188
happiness_4189.jpg,happiness,0,0.702081,0.033892,0.035477,0.037882,0.117717,0.022781,0.050171
happiness_4198.jpg,happiness,4,0.124926,0.071173,0.131013,0.186347,0.365740,0.069851,0.050951
happiness_4205.jpg,happiness,0,0.515468,0.240405,0.038486,0.016542,0.050731,0.114005,0.024363
happiness_4210.jpg,happiness,0,0.582321,0.038921,0.197223,0.011170,0.014631,0.034748,0.120987
happiness_4225.jpg,happiness,0,0.595475,0.071787,0.040105,0.029421,0.059939,0.026959,0.176314
happiness_4231.jpg,happiness,1,0.276607,0.418307,0.012932,0.027803,0.018772,0.031381,0.214198
happiness_4243.jpg,happiness,0,0.467125,0.344114,0.024265,0.010772,0.010286,0.082118,0.061320
happiness_4395.jpg,happiness,0,0.999446,0.000216,0.000020,0.000005,0.000084,0.000026,0.000202
happiness_4402.jpg,happiness,0,0.990639,0.002162,0.002560,0.000205,0.000931,0.001197,0.002305
happiness_4406.jpg,happiness,0,0.282378,0.160589,0.191126,0.024700,0.020557,0.067393,0.253258
happiness_4408.jpg,happiness,0,0.523351,0.147091,0.071852,0.024131,0.082533,0.101029,0.050014
happiness_4411.jpg,happiness,1,0.046055,0.306569,0.117890,0.054121,0.117392,0.230382,0.127591
happiness_4413.jpg,happiness,0,0.987531,0.003255,0.000290,0.000263,0.006772,0.000888,0.001002
happiness_4421.jpg,happiness,1,0.037941,0.363478,0.037054,0.163572,0.139627,0.122949,0.135380
happiness_4426.jpg,happiness,0,0.994038,0.001772,0.000144,0.000219,0.001933,0.000459,0.001435
happiness_4431.jpg,happiness,0,0.921145,0.020035,0.011670,0.004436,0.022738,0.013892,0.006084
happiness_4435.jpg,happiness,0,0.967898,0.016876,0.002406,0.000397,0.004634,0.006302,0.001488
happiness_4437.jpg,happiness,0,0.996930,0.001439,0.000044,0.000027,0.001013,0.000208,0.000338
happiness_4439.jpg,happiness,0,0.960594,0.016611,0.002023,0.003068,0.008548,0.005373,0.003782
happiness_4451.jpg,happiness,2,0.032177,0.045373,0.544618,0.027449,0.064755,0.040339,0.245289
happiness_4455.jpg,happiness,6,0.107261,0.063667,0.277000,0.070400,0.128431,0.056134,0.297107
happiness_4464.jpg,happiness,0,0.801266,0.019035,0.068234,0.011082,0.013713,0.032421,0.054248
happiness_4468.jpg,happiness,0,0.839133,0.089781,0.007566,0.004119,0.019103,0.029481,0.010818
happiness_4470.jpg,happiness,0,0.824110,0.052621,0.026358,0.015274,0.014355,0.023866,0.043416
happiness_4471.jpg,happiness,2,0.155688,0.151201,0.422699,0.048146,0.073940,0.072778,0.075548
happiness_4483.jpg,happiness,3,0.035245,0.053996,0.170528,0.281822,0.258056,0.069979,0.130374
happiness_4491.jpg,happiness,0,0.939563,0.031546,0.002065,0.002027,0.010977,0.008051,0.005772
happiness_5552.jpg,happiness,0,0.943880,0.005701,0.009817,0.001597,0.030808,0.004312,0.003885
happiness_5555.jpg,happiness,6,0.205894,0.149237,0.091834,0.021396,0.025506,0.038820,0.467313
happiness_5564.jpg,happiness,0,0.984119,0.010639,0.000854,0.000065,0.000161,0.003295,0.000866
happiness_5565.jpg,happiness,0,0.964095,0.011920,0.005491,0.001780,0.002984,0.006294,0.007437
happiness_5573.jpg,happiness,0,0.985670,0.002512,0.000513,0.000492,0.002458,0.000656,0.007699
happiness_5574.jpg,happiness,1,0.326715,0.433736,0.015955,0.041234,0.017171,0.142451,0.022738
happiness_5575.jpg,happiness,1,0.352891,0.582240,0.000363,0.001225,0.001071,0.061207,0.001003
happiness_5586.jpg,happiness,0,0.834379,0.017968,0.003203,0.008788,0.104767,0.005621,0.025275
happiness_5587.jpg,happiness,0,0.912243,0.049572,0.008778,0.000947,0.004822,0.020341,0.003297
happiness_5611.jpg,happiness,0,0.894026,0.053187,0.001787,0.003343,0.029586,0.009954,0.008117
happiness_5615.jpg,happiness,0,0.974281,0.014418,0.000916,0.000355,0.001371,0.002243,0.006416
happiness_5618.jpg,happiness,0,0.791181,0.009034,0.163883,0.006246,0.006969,0.016279,0.006408
happiness_5624.jpg,happiness,0,0.699290,0.101629,0.026880,0.010545,0.047389,0.031106,0.083161
happiness_5635.jpg,happiness,0,0.612485,0.032601,0.119308,0.046430,0.031968,0.044736,0.112472
happiness_5637.jpg,happiness,0,0.779297,0.047376,0.105250,0.003796,0.007969,0.048719,0.007592
happiness_5641.jpg,happiness,0,0.422465,0.073836,0.035962,0.022133,0.030870,0.018304,0.396430
happiness_5647.jpg,happiness,0,0.934454,0.044027,0.000981,0.001305,0.004571,0.009220,0.005441
neutral_183.jpg,neutral,6,0.245644,0.091531,0.154522,0.081188,0.062995,0.059334,0.304786
neutral_197.jpg,neutral,6,0.025627,0.009526,0.279683,0.155019,0.071093,0.024104,0.434947
neutral_202.jpg,neutral,6,0.078748,0.037540,0.116374,0.311603,0.037669,0.061930,0.356136
neutral_208.jpg,neutral,0,0.425663,0.010982,0.407386,0.010270,0.014989,0.024750,0.105960
neutral_212.jpg,neutral,0,0.364366,0.349040,0.058940,0.025259,0.029633,0.092998,0.079765
neutral_213.jpg,neutral,1,0.025058,0.737542,0.025264,0.036009,0.019284,0.074014,0.082829
neutral_217.jpg,neutral,1,0.016435,0.361517,0.202373,0.030707,0.048356,0.138895,0.201718
neutral_222.jpg,neutral,6,0.105201,0.069935,0.133801,0.112863,0.101692,0.042869,0.433640
neutral_223.jpg,neutral,2,0.064577,0.032068,0.351844,0.115841,0.122636,0.063176,0.249858
neutral_224.jpg,neutral,1,0.017369,0.348339,0.191977,0.028881,0.037212,0.089185,0.287038
neutral_229.jpg,neutral,6,0.088577,0.035784,0.187069,0.092718,0.059220,0.032548,0.504085
neutral_242.jpg,neutral,1,0.025666,0.246882,0.139710,0.102505,0.102441,0.240138,0.142659
neutral_245.jpg,neutral,1,0.017293,0.626710,0.058688,0.045523,0.065816,0.128465,0.057506
neutral_249.jpg,neutral,2,0.003904,0.015564,0.572746,0.142202,0.021053,0.096141,0.148389
neutral_253.jpg,neutral,6,0.029986,0.041242,0.348023,0.051031,0.044869,0.035486,0.449363
neutral_262.jpg,neutral,6,0.113856,0.053336,0.106596,0.020439,0.008459,0.033573,0.663741
neutral_265.jpg,neutral,6,0.039655,0.099432,0.176898,0.155309,0.052371,0.109600,0.366734
neutral_266.jpg,neutral,1,0.067740,0.320905,0.220917,0.041824,0.023140,0.078945,0.246528
neutral_3776.jpg,neutral,1,0.033560,0.328432,0.201871,0.019359,0.023487,0.074838,0.318453
neutral_3778.jpg,neutral,1,0.007296,0.508371,0.085859,0.019603,0.008475,0.116416,0.253980
neutral_3779.jpg,neutral,0,0.843759,0.013929,0.052447,0.004055,0.004761,0.010363,0.070686
neutral_3784.jpg,neutral,6,0.033819,0.309408,0.093941,0.109474,0.045174,0.094107,0.314077
neutral_3796.jpg,neutral,1,0.002662,0.814036,0.012519,0.005478,0.001956,0.150277,0.013073
neutral_3797.jpg,neutral,2,0.012307,0.181703,0.358400,0.030806,0.023068,0.131419,0.262297
neutral_3808.jpg,neutral,0,0.298579,0.073462,0.187600,0.102329,0.095440,0.055071,0.187519
neutral_3811.jpg,neutral,2,0.004443,0.011150,0.349799,0.311717,0.034903,0.035661,0.252328
neutral_3814.jpg,neutral,6,0.140434,0.147778,0.088158,0.090649,0.066804,0.049148,0.417030
neutral_3821.jpg,neutral,2,0.027645,0.048168,0.293232,0.264250,0.076854,0.097309,0.192541
neutral_3824.jpg,neutral,0,0.474348,0.015783,0.200298,0.010330,0.013326,0.020813,0.265103
neutral_3831.jpg,neutral,0,0.649523,0.035285,0.052961,0.026338,0.019896,0.016929,0.199067
neutral_3835.jpg,neutral,6,0.012210,0.004251,0.207148,0.078068,0.014417,0.010176,0.673729
neutral_3837.jpg,neutral,1,0.042761,0.693319,0.082761,0.017183,0.009834,0.067207,0.086935
neutral_3842.jpg,neutral,1,0.097805,0.315056,0.192693,0.044529,0.062831,0.100056,0.187030
neutral_3856.jpg,neutral,1,0.218813,0.398176,0.047728,0.022504,0.032057,0.033838,0.246883
neutral_3857.jpg,neutral,1,0.035692,0.314399,0.170009,0.057163,0.080282,0.088799,0.253656
neutral_3862.jpg,neutral,6,0.136739,0.204268,0.041021,0.089550,0.202116,0.037091,0.289215
neutral_3871.jpg,neutral,3,0.023990,0.083287,0.149645,0.301479,0.161063,0.080822,0.199714
neutral_3873.jpg,neutral,6,0.046242,0.029020,0.122381,0.045190,0.011738,0.021216,0.724213
neutral_4146.jpg,neutral,6,0.044235,0.007726,0.138970,0.069464,0.011045,0.013922,0.714638
neutral_4151.jpg,neutral,6,0.143398,0.061533,0.185933,0.087067,0.122407,0.054834,0.344828
neutral_4154.jpg,neutral,2,0.046374,0.021302,0.483673,0.029860,0.010691,0.054780,0.353321
neutral_4156.jpg,neutral,6,0.022024,0.147061,0.084312,0.013762,0.006064,0.023593,0.703184
neutral_4157.jpg,neutral,6,0.151852,0.113292,0.099841,0.031450,0.066374,0.022628,0.514563
neutral_4159.jpg,neutral,2,0.021765,0.089779,0.462301,0.039817,0.023019,0.089657,0.273662
neutral_4166.jpg,neutral,2,0.000997,0.004833,0.616199,0.051307,0.252429,0.039339,0.034896
neutral_4174.jpg,neutral,1,0.252649,0.357300,0.078908,0.049952,0.037515,0.079877,0.143799
neutral_4176.jpg,neutral,2,0.011758,0.107376,0.450082,0.031953,0.016949,0.107339,0.274542
neutral_4188.jpg,neutral,6,0.017007,0.041967,0.060745,0.230382,0.057411,0.012127,0.580361
neutral_4192.jpg,neutral,1,0.024569,0.443260,0.096768,0.031434,0.030336,0.154969,0.218665
neutral_4194.jpg,neutral,1,0.020859,0.458715,0.093327,0.031429,0.032099,0.049591,0.313981
neutral_4199.jpg,neutral,1,0.004361,0.818504,0.026798,0.008119,0.003078,0.067961,0.071178
neutral_4203.jpg,neutral,6,0.016491,0.218096,0.290094,0.049980,0.040674,0.052068,0.332598
neutral_4204.jpg,neutral,1,0.137256,0.486188,0.060044,0.051585,0.027665,0.148077,0.089185
neutral_4206.jpg,neutral,1,0.007373,0.570211,0.046131,0.178283,0.037772,0.081267,0.078964
neutral_4217.jpg,neutral,1,0.067002,0.444102,0.075667,0.030985,0.032958,0.132206,0.217080
neutral_4222.jpg,neutral,6,0.049491,0.007902,0.103587,0.199168,0.023403,0.011856,0.604592
neutral_4228.jpg,neutral,1,0.016062,0.407211,0.115265,0.098475,0.034797,0.126237,0.201954
neutral_4236.jpg,neutral,1,0.006857,0.429537,0.045682,0.154141,0.139486,0.183501,0.040795
neutral_4237.jpg,neutral,0,0.525166,0.075054,0.188745,0.047363,0.029848,0.056813,0.077012
neutral_4396.jpg,neutral,2,0.004627,0.020314,0.597915,0.074295,0.013787,0.116931,0.172132
neutral_4400.jpg,neutral,1,0.033929,0.357904,0.220583,0.021355,0.045850,0.051372,0.269008
neutral_4401.jpg,neutral,6,0.088006,0.163392,0.080935,0.113525,0.097892,0.043424,0.412827
neutral_4407.jpg,neutral,3,0.007177,0.076274,0.251356,0.306678,0.207656,0.054160,0.096699
neutral_4409.jpg,neutral,6,0.134810,0.099800,0.104601,0.125966,0.199504,0.051882,0.283436
neutral_4417.jpg,neutral,6,0.326375,0.014473,0.097799,0.040743,0.022746,0.016142,0.481722
neutral_4420.jpg,neutral,2,0.223870,0.086441,0.394348,0.100582,0.025946,0.092326,0.076487
neutral_4429.jpg,neutral,6,0.049674,0.240779,0.136975,0.072807,0.043330,0.074413,0.382021
neutral_4430.jpg,neutral,3,0.002735,0.011448,0.056423,0.529638,0.014331,0.011473,0.373951
neutral_4433.jpg,neutral,6,0.065344,0.260028,0.050804,0.027678,0.019889,0.029052,0.547204
neutral_4434.jpg,neutral,6,0.287446,0.079301,0.147002,0.057395,0.041509,0.042296,0.345050
neutral_4441.jpg,neutral,3,0.023626,0.083247,0.167678,0.290021,0.169604,0.058793,0.207031
neutral_4446.jpg,neutral,6,0.046388,0.131617,0.202608,0.113374,0.081465,0.066304,0.358242
neutral_4447.jpg,neutral,1,0.021926,0.398362,0.053170,0.170390,0.056432,0.053791,0.245927
neutral_4453.jpg,neutral,6,0.125332,0.044090,0.226473,0.056946,0.036165,0.045868,0.465126
neutral_4458.jpg,neutral,1,0.016183,0.699839,0.033615,0.008166,0.005164,0.083613,0.153419
neutral_4460.jpg,neutral,3,0.003836,0.004163,0.363173,0.421647,0.030958,0.028031,0.148192
neutral_4461.jpg,neutral,6,0.010821,0.077132,0.124464,0.078475,0.010592,0.048033,0.650484
neutral_4469.jpg,neutral,6,0.049960,0.060593,0.335899,0.058683,0.034471,0.067308,0.393087
neutral_4472.jpg,neutral,1,0.012128,0.383424,0.098222,0.019766,0.016979,0.371358,0.098124
neutral_4473.jpg,neutral,6,0.050335,0.073106,0.218527,0.119261,0.025882,0.063486,0.449403
neutral_4476.jpg,neutral,6,0.033894,0.305835,0.137013,0.111597,0.028735,0.052736,0.330191
neutral_5556.jpg,neutral,6,0.062822,0.008837,0.085807,0.137244,0.014770,0.013044,0.677476
neutral_5557.jpg,neutral,2,0.005112,0.114113,0.349838,0.140009,0.087456,0.040565,0.262908
neutral_5558.jpg,neutral,6,0.221462,0.069689,0.094281,0.035079,0.090660,0.020351,0.468478
neutral_5572.jpg,neutral,2,0.011044,0.031720,0.406252,0.166896,0.044202,0.057174,0.282711
neutral_5581.jpg,neutral,1,0.006130,0.753455,0.012607,0.002561,0.002092,0.029715,0.193440
neutral_5583.jpg,neutral,0,0.886388,0.016437,0.004930,0.000684,0.000693,0.002989,0.087879
neutral_5589.jpg,neutral,0,0.257010,0.156554,0.180666,0.056953,0.173390,0.097375,0.078051
neutral_5591.jpg,neutral,6,0.060654,0.134172,0.174557,0.042517,0.046133,0.029181,0.512787
neutral_5592.jpg,neutral,6,0.019650,0.109423,0.064068,0.055624,0.013797,0.022237,0.715201
neutral_5595.jpg,neutral,6,0.069545,0.102886,0.262028,0.080815,0.025503,0.163611,0.295612
neutral_5602.jpg,neutral,6,0.180390,0.171494,0.133753,0.079890,0.096321,0.053494,0.284658
neutral_5608.jpg,neutral,1,0.107293,0.255767,0.139939,0.061737,0.115253,0.179243,0.140767
neutral_5614.jpg,neutral,0,0.433098,0.044291,0.061929,0.095696,0.073861,0.025564,0.265560
neutral_5616.jpg,neutral,2,0.111143,0.032952,0.461301,0.032622,0.031479,0.060886,0.269617
neutral_5617.jpg,neutral,1,0.002255,0.423939,0.057742,0.009125,0.005184,0.357252,0.144502
neutral_5621.jpg,neutral,6,0.149230,0.016111,0.192964,0.073590,0.030255,0.027573,0.510276
neutral_5633.jpg,neutral,6,0.020537,0.039122,0.219746,0.270844,0.044393,0.071471,0.333887
neutral_5634.jpg,neutral,6,0.228255,0.003944,0.069271,0.015904,0.004877,0.006235,0.671514
neutral_5640.jpg,neutral,6,0.049622,0.010479,0.310231,0.178327,0.025075,0.039242,0.387024
sadness_173.jpg,sadness,2,0.002293,0.009540,0.858988,0.032039,0.007762,0.088395,0.000983
sadness_178.jpg,sadness,2,0.039576,0.043556,0.349321,0.240058,0.064032,0.150529,0.112929
sadness_184.jpg,sadness,5,0.002491,0.023025,0.311162,0.041150,0.017324,0.588224,0.016624
sadness_187.jpg,sadness,2,0.007656,0.123390,0.339658,0.051919,0.225573,0.156729,0.095075
sadness_188.jpg,sadness,2,0.008917,0.030092,0.643402,0.032262,0.028192,0.113597,0.143537
sadness_190.jpg,sadness,2,0.001082,0.057582,0.626589,0.037451,0.135557,0.118551,0.023188
sadness_192.jpg,sadness,4,0.001221,0.004186,0.322916,0.026128,0.587369,0.050242,0.007938
sadness_219.jpg,sadness,5,0.021218,0.199782,0.247187,0.021829,0.022329,0.440741,0.046915
sadness_226.jpg,sadness,2,0.003939,0.022517,0.387682,0.121693,0.199997,0.022568,0.241604
sadness_228.jpg,sadness,3,0.004082,0.017045,0.183106,0.552048,0.111921,0.053096,0.078701
sadness_233.jpg,sadness,6,0.034165,0.018882,0.383968,0.032344,0.015717,0.042457,0.472466
sadness_241.jpg,sadness,6,0.007214,0.012758,0.363880,0.126788,0.068078,0.026402,0.394881
sadness_252.jpg,sadness,2,0.039746,0.090738,0.410527,0.100880,0.038194,0.202245,0.117670
sadness_256.jpg,sadness,2,0.000333,0.001487,0.932487,0.014586,0.037677,0.009875,0.003555
sadness_263.jpg,sadness,6,0.006652,0.073385,0.353876,0.032303,0.018673,0.039527,0.475584
sadness_264.jpg,sadness,2,0.012011,0.003581,0.860889,0.015659,0.028327,0.072571,0.006962
sadness_1447.jpg,sadness,2,0.036222,0.017993,0.322341,0.209012,0.131073,0.054173,0.229186
sadness_1449.jpg,sadness,3,0.015279,0.054681,0.078117,0.402125,0.239008,0.040432,0.170358
sadness_1452.jpg,sadness,2,0.001228,0.012391,0.673249,0.020651,0.014491,0.273054,0.004937
sadness_1476.jpg,sadness,0,0.939689,0.012037,0.011125,0.001973,0.022063,0.006230,0.006883
sadness_1480.jpg,sadness,6,0.046872,0.045805,0.087451,0.213677,0.036943,0.023639,0.545613
sadness_1501.jpg,sadness,2,0.007201,0.003042,0.884147,0.009626,0.026289,0.065507,0.004188
sadness_2401.jpg,sadness,5,0.000690,0.011723,0.451419,0.024545,0.007834,0.479211,0.024578
sadness_2409.jpg,sadness,2,0.004730,0.018832,0.564569,0.134410,0.057762,0.173315,0.046383
sadness_2414.jpg,sadness,2,0.009143,0.033744,0.634124,0.039883,0.041635,0.188107,0.053365
sadness_2416.jpg,sadness,2,0.002708,0.018432,0.689395,0.030751,0.005051,0.159698,0.093966
sadness_2432.jpg,sadness,2,0.001060,0.007061,0.844660,0.015627,0.069884,0.056682,0.005026
sadness_2444.jpg,sadness,6,0.007679,0.050484,0.183756,0.024705,0.017413,0.019204,0.696758
sadness_2454.jpg,sadness,2,0.001609,0.009252,0.521764,0.067753,0.020890,0.028292,0.350440
sadness_2462.jpg,sadness,2,0.005196,0.021155,0.728283,0.052648,0.050363,0.104545,0.037810
sadness_2464.jpg,sadness,4,0.023841,0.074036,0.268504,0.133612,0.316422,0.106242,0.077343
sadness_2548.jpg,sadness,2,0.010282,0.079146,0.393668,0.036426,0.018276,0.215912,0.246289
sadness_2550.jpg,sadness,2,0.006909,0.007672,0.389470,0.131154,0.073567,0.017779,0.373450
sadness_2560.jpg,sadness,4,0.005896,0.011029,0.421628,0.066023,0.435206,0.026466,0.033752
sadness_2578.jpg,sadness,1,0.042958,0.300213,0.113778,0.068806,0.078938,0.169043,0.226265
sadness_2601.jpg,sadness,6,0.021791,0.202015,0.104417,0.174669,0.076432,0.179591,0.241085
sadness_2602.jpg,sadness,3,0.017677,0.018645,0.193350,0.337218,0.204915,0.045344,0.182851
sadness_2613.jpg,sadness,4,0.000785,0.001635,0.070923,0.030774,0.876434,0.008579,0.010872
sadness_2627.jpg,sadness,2,0.000353,0.001035,0.829743,0.096754,0.012018,0.027045,0.033053
sadness_2639.jpg,sadness,2,0.005378,0.038837,0.400859,0.064958,0.015245,0.202056,0.272666
sadness_2666.jpg,sadness,2,0.000795,0.007793,0.796154,0.008153,0.004819,0.180229,0.002059
sadness_2672.jpg,sadness,2,0.003579,0.011627,0.774538,0.024967,0.042363,0.056707,0.086218
sadness_2688.jpg,sadness,2,0.000398,0.010719,0.861411,0.007349,0.019510,0.088059,0.012554
sadness_2689.jpg,sadness,2,0.000384,0.007436,0.679818,0.013077,0.041335,0.252255,0.005695
sadness_2697.jpg,sadness,3,0.022703,0.029834,0.203513,0.328193,0.191529,0.040676,0.183552
sadness_2702.jpg,sadness,2,0.003180,0.003479,0.894923,0.009014,0.002628,0.084644,0.002133
sadness_3261.jpg,sadness,3,0.002566,0.004529,0.259478,0.539353,0.076653,0.020887,0.096533
sadness_3269.jpg,sadness,2,0.000473,0.001937,0.820683,0.024751,0.051629,0.098549,0.001978
sadness_3273.jpg,sadness,2,0.006193,0.059398,0.273450,0.181898,0.058306,0.217276,0.203480
sadness_3285.jpg,sadness,1,0.018555,0.732129,0.021541,0.030657,0.020412,0.116112,0.060594
sadness_3288.jpg,sadness,2,0.001209,0.001701,0.891673,0.019172,0.014052,0.066336,0.005858
sadness_3296.jpg,sadness,2,0.001802,0.011780,0.886407,0.021770,0.024287,0.036436,0.017517
sadness_3338.jpg,sadness,4,0.004316,0.018426,0.204849,0.167793,0.442381,0.109949,0.052286
sadness_3339.jpg,sadness,2,0.000206,0.000337,0.975627,0.001474,0.005132,0.016694,0.000528
sadness_3790.jpg,sadness,2,0.014149,0.025243,0.847475,0.034234,0.012319,0.051187,0.015392
sadness_3801.jpg,sadness,3,0.006892,0.024725,0.033255,0.491419,0.034864,0.402207,0.006638
sadness_3807.jpg,sadness,2,0.000371,0.002257,0.622653,0.011997,0.344335,0.009862,0.008525
sadness_3812.jpg,sadness,3,0.001340,0.002665,0.113140,0.704427,0.063773,0.005187,0.109468
sadness_3815.jpg,sadness,2,0.001086,0.001735,0.932896,0.013441,0.003218,0.031521,0.016104
sadness_3826.jpg,sadness,3,0.002550,0.026973,0.342466,0.442107,0.066998,0.058750,0.060155
sadness_3829.jpg,sadness,2,0.036178,0.013388,0.667936,0.023736,0.176547,0.061562,0.020653
sadness_3838.jpg,sadness,2,0.003282,0.005389,0.827099,0.038048,0.034856,0.053747,0.037578
sadness_3839.jpg,sadness,6,0.005979,0.015044,0.302571,0.062442,0.016366,0.021893,0.575706
sadness_3847.jpg,sadness,4,0.026747,0.054538,0.085269,0.257582,0.336725,0.037387,0.201752
sadness_4178.jpg,sadness,2,0.025696,0.063659,0.438039,0.032077,0.020680,0.063838,0.356010
sadness_4195.jpg,sadness,6,0.011127,0.024448,0.247445,0.181364,0.019697,0.084657,0.431262
sadness_4196.jpg,sadness,2,0.005047,0.026554,0.413025,0.184585,0.058772,0.076079,0.235939
sadness_4211.jpg,sadness,2,0.005840,0.012536,0.527118,0.066661,0.192470,0.155644,0.039731
sadness_4212.jpg,sadness,4,0.004419,0.005252,0.055546,0.212556,0.588604,0.004643,0.128979
sadness_4216.jpg,sadness,2,0.007074,0.086650,0.280172,0.269527,0.073968,0.106841,0.175768
sadness_4230.jpg,sadness,2,0.015009,0.083104,0.429919,0.040875,0.217541,0.050425,0.163128
sadness_4242.jpg,sadness,6,0.040952,0.063153,0.213248,0.217550,0.082731,0.088773,0.293594
sadness_4399.jpg,sadness,3,0.000374,0.002753,0.444840,0.445248,0.060110,0.017861,0.028814
sadness_4410.jpg,sadness,5,0.005041,0.114697,0.109531,0.109448,0.036131,0.587571,0.037581
sadness_4412.jpg,sadness,1,0.028252,0.334031,0.130853,0.138940,0.099346,0.129568,0.139009
sadness_4415.jpg,sadness,2,0.001636,0.042818,0.602529,0.025553,0.009478,0.272650,0.045336
sadness_4418.jpg,sadness,3,0.010723,0.019317,0.066415,0.573815,0.066029,0.025910,0.237790
sadness_4423.jpg,sadness,2,0.002084,0.002740,0.689415,0.021059,0.003355,0.037790,0.243557
sadness_4425.jpg,sadness,2,0.013701,0.051530,0.389996,0.130892,0.027504,0.098192,0.288185
sadness_4449.jpg,sadness,2,0.018674,0.082488,0.323236,0.098052,0.091560,0.065779,0.320211
sadness_4466.jpg,sadness,2,0.001545,0.016412,0.565990,0.062444,0.010467,0.162990,0.180152
sadness_4883.jpg,sadness,1,0.063427,0.390910,0.073131,0.063912,0.048816,0.124221,0.235583
sadness_4889.jpg,sadness,5,0.046196,0.182368,0.222950,0.048331,0.085188,0.288361,0.126607
sadness_4900.jpg,sadness,6,0.065882,0.070580,0.125612,0.057385,0.160081,0.020775,0.499685
sadness_4904.jpg,sadness,6,0.251017,0.043034,0.140436,0.033319,0.033386,0.029908,0.468901
sadness_4906.jpg,sadness,6,0.006654,0.005816,0.393255,0.039252,0.012614,0.017619,0.524791
sadness_4918.jpg,sadness,6,0.213935,0.028405,0.264630,0.066374,0.029837,0.065064,0.331754
sadness_4932.jpg,sadness,6,0.205775,0.115984,0.140184,0.055482,0.059788,0.073013,0.349773
sadness_4942.jpg,sadness,2,0.018354,0.021461,0.513240,0.114336,0.055956,0.083403,0.193250
sadness_4948.jpg,sadness,2,0.001934,0.012924,0.719698,0.081019,0.038140,0.079647,0.066639
sadness_4957.jpg,sadness,2,0.004461,0.016572,0.602057,0.071073,0.077686,0.046811,0.181340
sadness_4960.jpg,sadness,2,0.001459,0.051795,0.477977,0.024810,0.009818,0.065115,0.369025
sadness_4963.jpg,sadness,6,0.012735,0.120038,0.144477,0.052897,0.017206,0.050283,0.602363
sadness_4968.jpg,sadness,6,0.068769,0.143177,0.199574,0.102229,0.102809,0.068464,0.314978
sadness_4969.jpg,sadness,4,0.024593,0.046153,0.067898,0.292651,0.447920,0.026294,0.094491
sadness_4971.jpg,sadness,2,0.002959,0.030040,0.508908,0.037522,0.015572,0.332093,0.072905
sadness_5568.jpg,sadness,2,0.000082,0.000360,0.945256,0.019809,0.006813,0.027115,0.000566
sadness_5584.jpg,sadness,2,0.003794,0.025732,0.467553,0.093243,0.045216,0.252229,0.112233
sadness_5593.jpg,sadness,4,0.029985,0.016563,0.220303,0.073286,0.431580,0.042274,0.186010
sadness_5613.jpg,sadness,2,0.013095,0.067648,0.473311,0.040981,0.180432,0.083759,0.140773
surprise_170.jpg,surprise,1,0.054754,0.559059,0.037941,0.009669,0.009357,0.235261,0.093959
surprise_186.jpg,surprise,1,0.016650,0.519549,0.009743,0.007742,0.003103,0.423109,0.020104
surprise_193.jpg,surprise,5,0.008451,0.298666,0.050878,0.064791,0.017195,0.427525,0.132494
surprise_201.jpg,surprise,1,0.042463,0.400116,0.065613,0.058967,0.026211,0.043954,0.362675
surprise_210.jpg,surprise,6,0.114719,0.032786,0.102102,0.044619,0.015136,0.023976,0.666661
surprise_215.jpg,surprise,1,0.000424,0.610677,0.000524,0.001513,0.001045,0.384321,0.001496
surprise_234.jpg,surprise,1,0.007323,0.645991,0.078119,0.037747,0.024707,0.179446,0.026667
surprise_235.jpg,surprise,1,0.032531,0.633292,0.023965,0.015767,0.015640,0.254454,0.024350
surprise_239.jpg,surprise,1,0.004289,0.644656,0.004567,0.013050,0.003572,0.323823,0.006042
surprise_254.jpg,surprise,1,0.000352,0.921600,0.008267,0.000608,0.000264,0.061208,0.007701
surprise_269.jpg,surprise,1,0.045609,0.829779,0.001618,0.004772,0.005787,0.107063,0.005373
surprise_2385.jpg,surprise,3,0.006582,0.078048,0.100860,0.426832,0.091151,0.085300,0.211227
surprise_2387.jpg,surprise,1,0.002331,0.937967,0.001896,0.003794,0.001724,0.039794,0.012494
surprise_2398.jpg,surprise,1,0.002606,0.570948,0.067557,0.017088,0.010561,0.322080,0.009159
surprise_2407.jpg,surprise,1,0.000597,0.924198,0.001451,0.001374,0.000386,0.068536,0.003459
surprise_2413.jpg,surprise,1,0.012542,0.523737,0.037079,0.031438,0.040847,0.325214,0.029142
surprise_2424.jpg,surprise,1,0.011417,0.629824,0.023281,0.026591,0.023937,0.258974,0.025976
surprise_2431.jpg,surprise,1,0.004491,0.256650,0.131874,0.185204,0.054060,0.206356,0.161365
surprise_2438.jpg,surprise,1,0.041581,0.569116,0.047497,0.056864,0.041636,0.100579,0.142728
surprise_2443.jpg,surprise,5,0.000196,0.300694,0.001345,0.003467,0.002126,0.689790,0.002383
surprise_2446.jpg,surprise,1,0.000979,0.845613,0.002315,0.001683,0.000713,0.142671,0.006026
surprise_2448.jpg,surprise,1,0.008142,0.422671,0.226725,0.018174,0.013776,0.225535,0.084977
surprise_2466.jpg,surprise,4,0.028528,0.066662,0.096914,0.207222,0.382851,0.148428,0.069394
surprise_2470.jpg,surprise,1,0.009378,0.582487,0.053024,0.074681,0.087759,0.112378,0.080293
surprise_2533.jpg,surprise,6,0.062570,0.203879,0.124414,0.101467,0.084549,0.090852,0.332270
surprise_2541.jpg,surprise,1,0.003777,0.638754,0.005323,0.003243,0.001829,0.337375,0.009699
surprise_2542.jpg,surprise,1,0.003574,0.420327,0.111783,0.010214,0.012765,0.379170,0.062166
surprise_2546.jpg,surprise,1,0.000384,0.836656,0.000141,0.000164,0.000073,0.162372,0.000210
surprise_2558.jpg,surprise,2,0.035300,0.184333,0.431557,0.039121,0.024708,0.104114,0.180868
surprise_2561.jpg,surprise,1,0.022670,0.547909,0.062267,0.018420,0.012312,0.272838,0.063585
surprise_2562.jpg,surprise,1,0.029691,0.630749,0.034648,0.043626,0.035751,0.153655,0.071881
surprise_2567.jpg,surprise,0,0.845313,0.076325,0.003726,0.004518,0.007805,0.015211,0.047101
surprise_2588.jpg,surprise,1,0.025024,0.494925,0.018667,0.036566,0.032118,0.351925,0.040774
surprise_2589.jpg,surprise,2,0.005256,0.176969,0.380373,0.016203,0.015476,0.128254,0.277470
surprise_2592.jpg,surprise,1,0.010091,0.350219,0.173196,0.099749,0.057146,0.160424,0.149175
surprise_2599.jpg,surprise,1,0.015459,0.371028,0.082450,0.123718,0.051936,0.227079,0.128329
surprise_2606.jpg,surprise,5,0.000170,0.477248,0.002138,0.000329,0.000308,0.517074,0.002732
surprise_2630.jpg,surprise,1,0.014841,0.713347,0.008211,0.015831,0.002910,0.212853,0.032007
surprise_2634.jpg,surprise,1,0.025247,0.593113,0.042358,0.030836,0.016405,0.171634,0.120407
surprise_2637.jpg,surprise,1,0.283199,0.465170,0.004573,0.035292,0.025304,0.172742,0.013720
surprise_2644.jpg,surprise,0,0.667865,0.230656,0.002419,0.035884,0.015850,0.034581,0.012746
surprise_2648.jpg,surprise,1,0.020864,0.433793,0.073615,0.125176,0.047664,0.110679,0.188209
surprise_2651.jpg,surprise,1,0.020696,0.377508,0.089168,0.038927,0.039753,0.377340,0.056608
surprise_3781.jpg,surprise,1,0.000250,0.985990,0.000242,0.000132,0.000019,0.012439,0.000928
surprise_3787.jpg,surprise,3,0.040793,0.058198,0.113331,0.363852,0.145615,0.157596,0.120615
surprise_3788.jpg,surprise,1,0.009826,0.567352,0.099880,0.029767,0.011162,0.176154,0.105858
surprise_3800.jpg,surprise,6,0.017810,0.273585,0.163552,0.020585,0.017534,0.051590,0.455344
surprise_3809.jpg,surprise,1,0.269651,0.570820,0.018942,0.008966,0.007948,0.089957,0.033716
surprise_3823.jpg,surprise,1,0.010229,0.490845,0.001723,0.018073,0.002502,0.474033,0.002594
surprise_3830.jpg,surprise,3,0.006584,0.040084,0.280073,0.437015,0.062482,0.072023,0.101739
surprise_3836.jpg,surprise,1,0.002629,0.896105,0.015325,0.002566,0.001350,0.050103,0.031924
surprise_3848.jpg,surprise,5,0.039048,0.212903,0.142838,0.043580,0.025503,0.388563,0.147564
surprise_4144.jpg,surprise,5,0.009929,0.283976,0.047184,0.025782,0.023533,0.566078,0.043519
surprise_4150.jpg,surprise,1,0.014808,0.302882,0.037086,0.213685,0.191153,0.192879,0.047507
surprise_4152.jpg,surprise,1,0.011856,0.874351,0.017702,0.005569,0.002308,0.051103,0.037110
surprise_4173.jpg,surprise,1,0.013999,0.666076,0.042025,0.011827,0.009969,0.071914,0.184190
surprise_4175.jpg,surprise,5,0.023964,0.412755,0.043072,0.038861,0.031008,0.415981,0.034359
surprise_4190.jpg,surprise,1,0.000328,0.896219,0.000493,0.000658,0.000149,0.101663,0.000491
surprise_4208.jpg,surprise,0,0.467566,0.283817,0.011907,0.007546,0.015512,0.021522,0.192129
surprise_4219.jpg,surprise,6,0.044105,0.068770,0.249784,0.128001,0.056188,0.057371,0.395779
surprise_4227.jpg,surprise,1,0.006992,0.687408,0.068273,0.013882,0.006448,0.193910,0.023087
surprise_4239.jpg,surprise,1,0.001765,0.831089,0.000415,0.001168,0.000470,0.164621,0.000472
surprise_4240.jpg,surprise,2,0.010116,0.202305,0.348769,0.041971,0.086474,0.253455,0.056910
surprise_4397.jpg,surprise,1,0.021765,0.313942,0.024342,0.260463,0.147395,0.201905,0.030188
surprise_4398.jpg,surprise,1,0.166582,0.744887,0.001667,0.003656,0.001756,0.069102,0.012348
surprise_4405.jpg,surprise,5,0.004334,0.211866,0.203941,0.037053,0.045807,0.408841,0.088156
surprise_4422.jpg,surprise,1,0.009847,0.810324,0.001227,0.006610,0.001697,0.164626,0.005669
surprise_4432.jpg,surprise,1,0.001193,0.736311,0.004120,0.002599,0.002133,0.249299,0.004344
surprise_4436.jpg,surprise,1,0.026426,0.582716,0.066483,0.104532,0.027221,0.148504,0.044118
surprise_4443.jpg,surprise,6,0.088260,0.190130,0.107068,0.174350,0.119879,0.064880,0.255434
surprise_4444.jpg,surprise,1,0.015592,0.906525,0.001839,0.011795,0.003308,0.055584,0.005357
surprise_4445.jpg,surprise,2,0.038272,0.156644,0.235637,0.159477,0.106856,0.071983,0.231131
surprise_4454.jpg,surprise,1,0.000510,0.956782,0.004159,0.000606,0.000212,0.034504,0.003226
surprise_4465.jpg,surprise,1,0.071130,0.603776,0.021899,0.015729,0.011985,0.027876,0.247605
surprise_4884.jpg,surprise,5,0.002917,0.211789,0.020345,0.024586,0.022547,0.711551,0.006265
surprise_4887.jpg,surprise,6,0.178263,0.068435,0.137678,0.044760,0.121832,0.028794,0.420238
surprise_4888.jpg,surprise,1,0.029750,0.449019,0.127668,0.016800,0.011760,0.064827,0.300176
surprise_4909.jpg,surprise,5,0.006831,0.202454,0.176204,0.152609,0.041678,0.248793,0.171430
surprise_4913.jpg,surprise,1,0.010311,0.572451,0.013371,0.021936,0.007031,0.342617,0.032282
surprise_4928.jpg,surprise,1,0.020278,0.400636,0.140075,0.102256,0.036268,0.175950,0.124536
surprise_4934.jpg,surprise,1,0.001607,0.756525,0.003159,0.006843,0.001330,0.222288,0.008248
surprise_4941.jpg,surprise,1,0.024471,0.443749,0.066756,0.023901,0.013779,0.244511,0.182834
surprise_4945.jpg,surprise,5,0.007152,0.461366,0.002814,0.012729,0.003657,0.507996,0.004287
surprise_4953.jpg,surprise,1,0.001126,0.660637,0.013684,0.009912,0.013364,0.275062,0.026214
surprise_5559.jpg,surprise,6,0.045215,0.152627,0.051798,0.145450,0.181049,0.024606,0.399256
surprise_5562.jpg,surprise,1,0.110064,0.521821,0.033940,0.023691,0.020279,0.165780,0.124424
surprise_5571.jpg,surprise,1,0.001266,0.957722,0.002135,0.004366,0.001475,0.022249,0.010787
surprise_5576.jpg,surprise,1,0.005394,0.676591,0.006083,0.010815,0.004470,0.279973,0.016675
surprise_5580.jpg,surprise,0,0.590479,0.095752,0.031907,0.143156,0.024802,0.082255,0.031649
surprise_5588.jpg,surprise,1,0.049084,0.777927,0.012466,0.018423,0.011298,0.088964,0.041838
surprise_5590.jpg,surprise,6,0.016083,0.288157,0.250174,0.021876,0.021599,0.070533,0.331577
surprise_5597.jpg,surprise,1,0.251880,0.704769,0.001728,0.000984,0.001119,0.022043,0.017477
surprise_5598.jpg,surprise,1,0.112219,0.500879,0.027817,0.045743,0.039023,0.197616,0.076702
surprise_5600.jpg,surprise,1,0.007429,0.790002,0.002732,0.005606,0.001727,0.186147,0.006357
surprise_5601.jpg,surprise,5,0.009520,0.329759,0.138379,0.039060,0.039084,0.357587,0.086611
surprise_5607.jpg,surprise,1,0.024473,0.527282,0.036066,0.013037,0.013674,0.343948,0.041522
surprise_5626.jpg,surprise,6,0.055656,0.100695,0.116438,0.231473,0.085548,0.070860,0.339330
surprise_5630.jpg,surprise,1,0.003563,0.832011,0.006990,0.001239,0.000896,0.144525,0.010776
surprise_5642.jpg,surprise,1,0.007544,0.498183,0.018665,0.022165,0.031386,0.404138,0.017920
surprise_5644.jpg,surprise,1,0.012574,0.826327,0.008913,0.009064,0.008882,0.070079,0.064161
