file,true_label,argmax,crop,score_0,score_1,score_2,score_3,score_4,score_5,score_6
anger_176.jpg,anger,5,0 4 87 96,0.049630,0.069117,0.194560,0.056336,0.152735,0.330035,0.147587
anger_177.jpg,anger,6,0 0 96 96,0.004676,0.000998,0.000658,0.122884,0.126961,0.257403,0.486421
anger_179.jpg,anger,6,0 4 96 96,0.009658,0.000092,0.002462,0.011560,0.029052,0.143547,0.803629
anger_204.jpg,anger,6,0 0 96 96,0.014377,0.001215,0.008371,0.009261,0.024709,0.358735,0.583332
anger_209.jpg,anger,6,0 2 96 96,0.006146,0.000058,0.017483,0.027444,0.290698,0.131205,0.526967
anger_225.jpg,anger,6,11 16 83 88,0.004102,0.000427,0.006447,0.002901,0.016590,0.483856,0.485676
anger_227.jpg,anger,2,2 2 96 96,0.017367,0.000141,0.403771,0.001522,0.030389,0.165693,0.381116
anger_238.jpg,anger,6,0 4 96 96,0.056912,0.003222,0.027062,0.008696,0.016388,0.267275,0.620446
anger_247.jpg,anger,5,0 5 94 96,0.068735,0.080621,0.021355,0.077328,0.072243,0.345613,0.334105
anger_250.jpg,anger,6,0 6 96 96,0.007366,0.000475,0.004204,0.036698,0.136209,0.238581,0.576467
anger_251.jpg,anger,2,0 7 87 96,0.093767,0.004053,0.431771,0.014723,0.059277,0.147255,0.249153
anger_255.jpg,anger,6,0 0 96 96,0.173128,0.002608,0.113382,0.029238,0.040610,0.116823,0.524211
anger_257.jpg,anger,6,0 4 94 96,0.062854,0.008290,0.047077,0.016522,0.032506,0.382246,0.450506
anger_2392.jpg,anger,6,1 7 94 96,0.012151,0.000048,0.007748,0.011961,0.043926,0.113150,0.811016
anger_2396.jpg,anger,2,0 0 96 96,0.274226,0.006718,0.324444,0.021440,0.029088,0.081315,0.262769
anger_2403.jpg,anger,6,,0.002005,0.000185,0.001150,0.001626,0.006487,0.373402,0.615146
anger_2445.jpg,anger,6,0 0 96 96,0.009912,0.000006,0.004609,0.001031,0.004366,0.062734,0.917342
anger_2447.jpg,anger,6,0 2 96 96,0.004317,0.000019,0.014254,0.000730,0.010380,0.170940,0.799359
anger_2458.jpg,anger,4,1 4 96 96,0.040256,0.001706,0.014338,0.239819,0.314645,0.098703,0.290532
anger_2471.jpg,anger,5,0 0 94 96,0.111347,0.056300,0.110785,0.029745,0.046304,0.366605,0.278915
anger_2472.jpg,anger,6,0 0 96 96,0.005830,0.000099,0.017900,0.019887,0.214888,0.174115,0.567280
anger_2479.jpg,anger,2,0 6 96 96,0.200148,0.006627,0.360926,0.116869,0.190029,0.039855,0.085545
anger_2480.jpg,anger,6,0 4 91 96,0.072034,0.000823,0.025137,0.013865,0.023838,0.143371,0.720932
anger_2483.jpg,anger,6,,0.027821,0.010130,0.016090,0.092822,0.151189,0.325252,0.376696
anger_2530.jpg,anger,6,0 0 96 96,0.037476,0.000041,0.014935,0.001878,0.004909,0.057142,0.883619
anger_2540.jpg,anger,2,0 4 82 95,0.038139,0.021008,0.464149,0.009572,0.055331,0.290163,0.121638
anger_2547.jpg,anger,5,0 0 93 95,0.087674,0.034377,0.052634,0.023417,0.033866,0.391107,0.376925
anger_2554.jpg,anger,0,4 4 96 96,0.485015,0.044612,0.069687,0.225974,0.051588,0.036338,0.086785
anger_2575.jpg,anger,6,3 4 96 96,0.059806,0.005847,0.013868,0.065914,0.068826,0.228090,0.557648
anger_2580.jpg,anger,6,0 0 93 96,0.062693,0.004491,0.023228,0.117528,0.166732,0.184540,0.440788
anger_2582.jpg,anger,0,6 6 90 90,0.630382,0.039459,0.019394,0.151348,0.014231,0.032683,0.112504
anger_2586.jpg,anger,6,0 4 96 96,0.045778,0.000870,0.014120,0.111075,0.138107,0.122796,0.567254
anger_2591.jpg,anger,5,3 4 95 96,0.004962,0.001304,0.001426,0.002018,0.004034,0.499561,0.486695
anger_2597.jpg,anger,5,0 4 88 96,0.012576,0.007473,0.116038,0.001621,0.012607,0.635760,0.213925
anger_2600.jpg,anger,6,0 1 96 96,0.051970,0.000031,0.056249,0.000531,0.002283,0.050087,0.838849
anger_2604.jpg,anger,6,0 0 96 96,0.203296,0.003275,0.068920,0.017300,0.017906,0.112192,0.577111
anger_2620.jpg,anger,6,0 0 96 96,0.113024,0.005675,0.190659,0.008952,0.022564,0.227733,0.431394
anger_2623.jpg,anger,6,0 0 91 96,0.075710,0.001517,0.013405,0.003498,0.003913,0.185672,0.716286
anger_2658.jpg,anger,6,8 6 95 92,0.079745,0.001253,0.011742,0.007059,0.006813,0.148599,0.744789
anger_2663.jpg,anger,6,0 0 96 96,0.002858,0.000181,0.002923,0.000905,0.005159,0.409513,0.578461
anger_2668.jpg,anger,6,0 4 96 96,0.000278,0.000009,0.000289,0.001802,0.019295,0.298575,0.679752
anger_3783.jpg,anger,6,0 4 96 96,0.272140,0.000577,0.045965,0.006458,0.004791,0.036493,0.633576
anger_3785.jpg,anger,6,0 2 90 94,0.084221,0.007378,0.082918,0.004696,0.010875,0.381849,0.428062
anger_3798.jpg,anger,6,0 4 93 96,0.010052,0.001411,0.011611,0.012060,0.049733,0.400924,0.514209
anger_3805.jpg,anger,6,0 0 96 96,0.032850,0.000560,0.010880,0.021950,0.041124,0.170960,0.721675
anger_3806.jpg,anger,0,0 2 96 96,0.432948,0.019109,0.106627,0.009631,0.006178,0.084555,0.340952
anger_3810.jpg,anger,3,15 6 96 96,0.012531,0.353814,0.002998,0.441276,0.106840,0.068956,0.013586
anger_3834.jpg,anger,3,0 4 96 96,0.242987,0.000208,0.055287,0.326597,0.208743,0.013707,0.152471
anger_3845.jpg,anger,0,0 9 92 96,0.298986,0.200875,0.027781,0.130738,0.036778,0.157272,0.147569
anger_3846.jpg,anger,6,0 4 93 96,0.132998,0.001549,0.062183,0.084571,0.111032,0.108923,0.498744
anger_3851.jpg,anger,5,2 1 96 96,0.004946,0.003190,0.012231,0.002006,0.009399,0.706658,0.261570
anger_3852.jpg,anger,0,8 6 91 89,0.455824,0.030930,0.361683,0.011829,0.007532,0.037935,0.094268
anger_3855.jpg,anger,6,0 2 95 96,0.085036,0.006705,0.061636,0.065620,0.128183,0.210971,0.441848
anger_3858.jpg,anger,6,0 6 94 96,0.018281,0.001798,0.009750,0.061275,0.126455,0.281574,0.500867
anger_3859.jpg,anger,4,2 10 86 94,0.150939,0.014021,0.183986,0.189112,0.290028,0.065504,0.106409
anger_4145.jpg,anger,5,5 9 95 96,0.061346,0.016790,0.038084,0.004347,0.008189,0.464573,0.406671
anger_4149.jpg,anger,6,0 2 96 96,0.002797,0.000009,0.000973,0.003999,0.015761,0.099420,0.877041
anger_4161.jpg,anger,6,0 1 93 96,0.052324,0.000825,0.034694,0.007617,0.018137,0.194218,0.692186
anger_4167.jpg,anger,0,0 4 96 96,0.397578,0.141846,0.008757,0.007506,0.001157,0.202282,0.240873
anger_4172.jpg,anger,5,0 0 96 96,0.020377,0.335926,0.214406,0.009945,0.032442,0.347415,0.039489
anger_4181.jpg,anger,2,0 0 96 96,0.006374,0.000004,0.699672,0.000268,0.016321,0.070607,0.206753
anger_4182.jpg,anger,2,0 4 95 96,0.181724,0.000564,0.292627,0.057386,0.133955,0.045462,0.288281
anger_4186.jpg,anger,6,2 3 96 96,0.058205,0.001289,0.115853,0.001505,0.006603,0.227339,0.589205
anger_4197.jpg,anger,6,0 0 96 96,0.118263,0.001673,0.025374,0.002888,0.003384,0.148747,0.699670
anger_4200.jpg,anger,6,,0.016123,0.000343,0.044733,0.001582,0.009964,0.305667,0.621587
anger_4207.jpg,anger,6,0 6 82 96,0.047243,0.000794,0.252479,0.007884,0.052643,0.192911,0.446045
anger_4213.jpg,anger,6,0 1 96 96,0.000456,0.000000,0.000328,0.000012,0.000152,0.045217,0.953837
anger_4215.jpg,anger,6,0 0 96 96,0.001788,0.000093,0.002744,0.009369,0.075663,0.252652,0.657693
anger_4226.jpg,anger,6,9 6 96 96,0.000212,0.000015,0.000154,0.000678,0.006335,0.440860,0.551745
anger_4229.jpg,anger,6,2 7 95 96,0.000368,0.000000,0.000251,0.000010,0.000136,0.043226,0.956010
anger_4403.jpg,anger,3,2 2 96 96,0.151450,0.009295,0.040127,0.316992,0.218349,0.077085,0.186702
anger_4428.jpg,anger,6,0 0 96 96,0.053920,0.010035,0.018740,0.017962,0.022338,0.323162,0.553842
anger_4440.jpg,anger,6,0 0 96 96,0.228739,0.015962,0.088512,0.106563,0.084136,0.139756,0.336332
anger_4442.jpg,anger,6,4 2 96 96,0.109957,0.000479,0.088185,0.002606,0.006716,0.094621,0.697436
anger_4467.jpg,anger,6,0 4 96 96,0.124096,0.000110,0.247548,0.001252,0.004503,0.048267,0.574224
anger_4475.jpg,anger,6,7 3 96 96,0.165673,0.096214,0.018043,0.158575,0.063914,0.229250,0.268330
anger_4480.jpg,anger,6,1 4 96 96,0.104197,0.001488,0.021192,0.110254,0.121187,0.094375,0.547306
anger_4482.jpg,anger,6,0 4 96 96,0.000033,0.000000,0.000051,0.000266,0.006813,0.219992,0.772844
anger_4486.jpg,anger,4,1 5 96 96,0.116685,0.008306,0.091066,0.167005,0.255250,0.118812,0.242877
anger_4892.jpg,anger,6,4 2 96 96,0.018430,0.000406,0.018482,0.003314,0.012366,0.268295,0.678706
anger_4902.jpg,anger,6,2 7 96 96,0.003745,0.000297,0.004065,0.001327,0.006720,0.490509,0.493336
anger_4907.jpg,anger,6,0 1 96 96,0.061511,0.000122,0.019368,0.003261,0.006504,0.070835,0.838400
anger_4919.jpg,anger,6,4 5 96 96,0.014185,0.000020,0.034755,0.000699,0.005898,0.125978,0.818466
anger_4955.jpg,anger,2,0 0 96 96,0.164071,0.036441,0.302441,0.024828,0.043462,0.199249,0.229509
anger_4956.jpg,anger,5,8 8 96 96,0.007038,0.001539,0.012083,0.001424,0.007341,0.601486,0.369088
anger_4958.jpg,anger,5,0 0 95 96,0.018785,0.009703,0.066281,0.062747,0.291706,0.348817,0.201961
anger_5551.jpg,anger,6,0 4 92 96,0.044346,0.000671,0.044740,0.008026,0.026109,0.207256,0.668852
anger_5553.jpg,anger,6,0 6 84 96,0.009794,0.000104,0.064608,0.001009,0.013836,0.243837,0.666813
anger_5563.jpg,anger,2,0 0 96 96,0.261313,0.020828,0.440730,0.013845,0.019956,0.088730,0.154599
anger_5570.jpg,anger,6,0 4 92 96,0.254126,0.013899,0.046834,0.037852,0.023634,0.139328,0.484327
anger_5578.jpg,anger,6,5 5 96 96,0.001632,0.000066,0.000586,0.005129,0.016911,0.281750,0.693925
anger_5603.jpg,anger,6,0 4 93 96,0.185907,0.003960,0.038401,0.130605,0.101854,0.089140,0.450133
anger_5605.jpg,anger,6,0 0 96 96,0.035691,0.000588,0.048768,0.003439,0.012521,0.255600,0.643393
anger_5610.jpg,anger,6,1 5 90 94,0.015823,0.000107,0.025104,0.002417,0.013551,0.170323,0.772675
anger_5623.jpg,anger,5,0 0 96 96,0.000490,0.000076,0.000928,0.000761,0.006901,0.583915,0.406929
anger_5631.jpg,anger,6,0 4 91 96,0.192401,0.000140,0.271480,0.002328,0.006409,0.035638,0.491604
anger_5636.jpg,anger,6,,0.046261,0.002278,0.043528,0.003215,0.008526,0.285305,0.610887
anger_5638.jpg,anger,6,1 2 96 96,0.048793,0.000008,0.146566,0.000317,0.002346,0.036919,0.765051
anger_5645.jpg,anger,6,4 4 96 96,0.189713,0.004514,0.034276,0.056313,0.044961,0.120681,0.549542
anger_5649.jpg,anger,5,0 0 96 96,0.021798,0.001064,0.153182,0.004280,0.039551,0.419084,0.361040
disgust_195.jpg,disgust,5,,0.020710,0.042773,0.013268,0.107213,0.171680,0.399806,0.244549
disgust_196.jpg,disgust,6,0 2 96 96,0.001319,0.000221,0.000720,0.039873,0.170013,0.315077,0.472777
disgust_231.jpg,disgust,3,0 4 89 96,0.035670,0.032845,0.011352,0.583281,0.275838,0.037012,0.024003
disgust_232.jpg,disgust,6,4 4 96 96,0.249680,0.009713,0.132270,0.038616,0.046010,0.124951,0.398760
disgust_236.jpg,disgust,4,0 4 90 96,0.007823,0.000896,0.152029,0.033471,0.504382,0.183015,0.118384
disgust_237.jpg,disgust,6,0 4 93 96,0.064690,0.007805,0.065785,0.114668,0.264043,0.180182,0.302828
disgust_248.jpg,disgust,6,0 0 96 96,0.062732,0.005102,0.098540,0.007865,0.024470,0.372599,0.428692
disgust_258.jpg,disgust,4,0 4 94 96,0.002178,0.001277,0.160961,0.017530,0.549804,0.220125,0.048126
disgust_1423.jpg,disgust,5,0 0 94 96,0.000404,0.000019,0.001484,0.000248,0.003866,0.519805,0.474174
disgust_1431.jpg,disgust,5,0 0 96 96,0.005135,0.002316,0.011232,0.004243,0.020930,0.560607,0.395537
disgust_1434.jpg,disgust,5,1 1 96 96,0.022827,0.202124,0.005093,0.022660,0.012296,0.572924,0.162075
disgust_1436.jpg,disgust,6,1 4 96 96,0.029149,0.001875,0.017444,0.048861,0.114238,0.219097,0.569336
disgust_1446.jpg,disgust,3,0 1 94 96,0.086624,0.021666,0.011023,0.470200,0.189383,0.087643,0.133459
disgust_1455.jpg,disgust,2,0 4 92 96,0.126791,0.001708,0.619081,0.005688,0.020968,0.067870,0.157894
disgust_1485.jpg,disgust,3,0 8 95 96,0.183912,0.006235,0.097797,0.278693,0.252694,0.054023,0.126644
disgust_1497.jpg,disgust,5,0 0 96 96,0.008509,0.082356,0.062862,0.060897,0.257012,0.444754,0.083611
disgust_1508.jpg,disgust,4,,0.006352,0.021011,0.355201,0.042786,0.446673,0.111781,0.016198
disgust_2296.jpg,disgust,1,0 2 90 94,0.003858,0.599833,0.001830,0.001737,0.000790,0.377797,0.014154
disgust_2395.jpg,disgust,6,0 6 92 96,0.095591,0.018576,0.044615,0.058767,0.085524,0.274669,0.422258
disgust_2411.jpg,disgust,0,0 0 96 96,0.762230,0.004051,0.161181,0.023131,0.003830,0.005008,0.040568
disgust_2420.jpg,disgust,5,6 10 96 96,0.021528,0.002164,0.030367,0.003664,0.013329,0.487461,0.441487
disgust_2425.jpg,disgust,1,2 1 96 96,0.010563,0.442133,0.006437,0.072726,0.044016,0.379556,0.044569
disgust_2428.jpg,disgust,5,2 5 96 96,0.058457,0.145970,0.091379,0.142657,0.208159,0.264672,0.088705
disgust_2450.jpg,disgust,6,0 6 96 96,0.003924,0.000082,0.002704,0.002706,0.012521,0.281861,0.696204
disgust_2455.jpg,disgust,5,6 9 96 96,0.012451,0.009411,0.034952,0.014913,0.062421,0.581451,0.284403
disgust_2461.jpg,disgust,4,4 4 96 96,0.069177,0.049822,0.042911,0.305254,0.308020,0.121900,0.102918
disgust_2469.jpg,disgust,5,0 3 93 96,0.026839,0.056222,0.011556,0.069394,0.081118,0.470341,0.284530
disgust_2477.jpg,disgust,2,0 5 95 96,0.030985,0.007288,0.574108,0.025940,0.203876,0.101031,0.056771
disgust_2570.jpg,disgust,6,0 0 96 96,0.109044,0.026932,0.038419,0.082388,0.092893,0.266369,0.383955
disgust_2571.jpg,disgust,1,0 1 96 96,0.002563,0.752158,0.010282,0.007568,0.007355,0.213716,0.006358
disgust_2577.jpg,disgust,6,6 7 96 96,0.047036,0.005754,0.047330,0.043698,0.110249,0.289006,0.456927
disgust_2594.jpg,disgust,6,5 6 96 96,0.140986,0.030947,0.028039,0.163236,0.104574,0.217086,0.315134
disgust_2598.jpg,disgust,6,1 5 90 94,0.016348,0.004652,0.007159,0.021742,0.038724,0.448407,0.462966
disgust_2618.jpg,disgust,6,0 14 82 96,0.213198,0.010340,0.141226,0.057447,0.072454,0.137568,0.367767
disgust_2635.jpg,disgust,6,0 4 96 96,0.025276,0.002731,0.013369,0.046610,0.096497,0.314012,0.501505
disgust_2645.jpg,disgust,5,0 7 93 96,0.034749,0.105614,0.108817,0.040471,0.121620,0.455943,0.132786
disgust_2653.jpg,disgust,5,1 0 96 96,0.029609,0.024434,0.013841,0.021360,0.030335,0.530528,0.349894
disgust_2659.jpg,disgust,6,6 10 85 88,0.021703,0.002275,0.078567,0.010686,0.068846,0.360415,0.457509
disgust_2669.jpg,disgust,5,0 4 96 96,0.017064,0.001175,0.090824,0.005519,0.044163,0.452615,0.388640
disgust_2674.jpg,disgust,6,2 4 96 96,0.029688,0.000682,0.008218,0.047367,0.079662,0.166814,0.667568
disgust_2746.jpg,disgust,6,0 1 96 96,0.000414,0.000009,0.000595,0.000196,0.002290,0.348029,0.648467
disgust_2778.jpg,disgust,5,0 4 96 96,0.016885,0.124467,0.024908,0.017074,0.028627,0.648413,0.139626
disgust_2781.jpg,disgust,6,0 0 96 96,0.138573,0.000114,0.137644,0.002629,0.006784,0.047717,0.666538
disgust_2797.jpg,disgust,5,,0.016349,0.010590,0.026968,0.002981,0.009618,0.522244,0.411250
disgust_2807.jpg,disgust,6,8 4 96 96,0.006671,0.000410,0.004424,0.013617,0.047186,0.301325,0.626367
disgust_2815.jpg,disgust,6,3 2 95 94,0.124941,0.010115,0.026499,0.033131,0.030234,0.222972,0.552108
disgust_2817.jpg,disgust,4,0 11 88 96,0.024751,0.000910,0.096249,0.092639,0.547070,0.084285,0.154096
disgust_3290.jpg,disgust,6,0 0 96 96,0.001367,0.000066,0.000983,0.000435,0.002239,0.391717,0.603193
disgust_3300.jpg,disgust,6,0 4 93 96,0.004404,0.000220,0.003497,0.001742,0.007763,0.380933,0.601442
disgust_3311.jpg,disgust,4,0 1 94 96,0.019663,0.034369,0.016657,0.294356,0.397004,0.148882,0.089069
disgust_3320.jpg,disgust,5,6 17 91 96,0.054956,0.213981,0.016869,0.018871,0.013557,0.523197,0.158569
disgust_3327.jpg,disgust,6,0 5 94 96,0.007081,0.000155,0.021493,0.003666,0.032579,0.304775,0.630252
disgust_3333.jpg,disgust,5,6 6 92 92,0.007761,0.041601,0.006407,0.005480,0.009923,0.770677,0.158150
disgust_3334.jpg,disgust,5,0 1 96 96,0.000323,0.000180,0.345063,0.000428,0.070891,0.547094,0.036021
disgust_3344.jpg,disgust,5,0 0 96 96,0.024915,0.206343,0.056137,0.020092,0.032447,0.551937,0.108128
disgust_3351.jpg,disgust,2,0 4 93 96,0.145430,0.000435,0.619791,0.002660,0.010349,0.039035,0.182300
disgust_3356.jpg,disgust,6,0 4 96 96,0.049963,0.002904,0.029577,0.101490,0.203219,0.189604,0.423244
disgust_3794.jpg,disgust,5,0 4 96 96,0.007595,0.020108,0.004289,0.098663,0.168204,0.442933,0.258208
disgust_3795.jpg,disgust,5,0 7 96 96,0.002608,0.006728,0.002552,0.008551,0.030156,0.745804,0.203600
disgust_3813.jpg,disgust,6,2 4 96 96,0.030652,0.000880,0.094256,0.006685,0.040417,0.273499,0.553611
disgust_3816.jpg,disgust,5,0 4 91 96,0.005867,0.231228,0.190687,0.009913,0.057871,0.479383,0.025051
disgust_3825.jpg,disgust,2,0 0 96 96,0.031681,0.004051,0.861955,0.002444,0.016985,0.059662,0.023222
disgust_3828.jpg,disgust,5,0 0 96 96,0.002468,0.000091,0.008002,0.000241,0.002676,0.504921,0.481601
disgust_3853.jpg,disgust,2,,0.003907,0.095443,0.545709,0.001611,0.020349,0.321620,0.011361
disgust_3860.jpg,disgust,6,0 0 96 96,0.010506,0.000378,0.055394,0.000474,0.004752,0.382420,0.546075
disgust_3867.jpg,disgust,1,0 0 94 96,0.039200,0.509523,0.085776,0.221132,0.108615,0.029931,0.005823
disgust_3872.jpg,disgust,5,0 4 92 96,0.008168,0.172189,0.018382,0.026868,0.051873,0.640066,0.082455
disgust_4153.jpg,disgust,6,8 7 96 96,0.013481,0.001408,0.018380,0.004259,0.016492,0.447297,0.498683
disgust_4164.jpg,disgust,6,5 6 96 96,0.125566,0.003422,0.256066,0.013693,0.039676,0.157328,0.404249
disgust_4165.jpg,disgust,6,0 1 96 96,0.009130,0.000954,0.003455,0.006243,0.013929,0.410731,0.555558
disgust_4169.jpg,disgust,5,0 5 96 96,0.000396,0.000120,0.009387,0.000236,0.007190,0.773602,0.209068
disgust_4187.jpg,disgust,6,2 4 96 96,0.138807,0.013171,0.046784,0.134622,0.139471,0.155469,0.371676
disgust_4209.jpg,disgust,5,0 1 96 96,0.023993,0.204044,0.032347,0.042328,0.057299,0.504415,0.135574
disgust_4224.jpg,disgust,5,0 6 96 96,0.028917,0.021571,0.042278,0.016147,0.040208,0.572059,0.278819
disgust_4233.jpg,disgust,5,0 2 94 96,0.013286,0.013417,0.107256,0.002903,0.018085,0.687674,0.157381
disgust_4235.jpg,disgust,6,0 4 96 96,0.083399,0.005082,0.087910,0.024093,0.054925,0.254172,0.490419
disgust_4241.jpg,disgust,6,4 4 96 96,0.003291,0.000610,0.000929,0.018095,0.040193,0.364425,0.572456
disgust_4404.jpg,disgust,5,0 4 93 96,0.014363,0.006002,0.206661,0.002940,0.028200,0.568442,0.173393
disgust_4416.jpg,disgust,3,0 1 93 96,0.187662,0.202159,0.036694,0.447745,0.078935,0.031826,0.014979
disgust_4427.jpg,disgust,6,0 4 92 96,0.030924,0.004411,0.039772,0.007715,0.026169,0.431051,0.459958
disgust_4448.jpg,disgust,2,0 2 94 96,0.137765,0.022421,0.213219,0.097063,0.181926,0.155712,0.191894
disgust_4452.jpg,disgust,5,0 1 96 96,0.018410,0.000867,0.139241,0.000898,0.007997,0.445056,0.387531
disgust_4457.jpg,disgust,6,0 4 96 96,0.000828,0.000102,0.000544,0.013657,0.071867,0.318099,0.594902
disgust_4462.jpg,disgust,3,0 5 92 96,0.192767,0.031917,0.064469,0.280138,0.177402,0.099986,0.153322
disgust_4474.jpg,disgust,6,0 7 96 96,0.311853,0.007154,0.076962,0.049176,0.036793,0.080335,0.437727
disgust_4488.jpg,disgust,6,0 2 96 96,0.014178,0.001796,0.017681,0.006463,0.026232,0.354450,0.579199
disgust_4490.jpg,disgust,5,2 11 89 96,0.003869,0.001147,0.014284,0.001619,0.012321,0.681620,0.285140
disgust_4876.jpg,disgust,1,1 2 96 96,0.008509,0.365919,0.009760,0.128776,0.130822,0.289348,0.066864
disgust_4878.jpg,disgust,5,0 4 96 96,0.007311,0.034902,0.030857,0.004967,0.019974,0.777790,0.124198
disgust_4880.jpg,disgust,5,1 4 96 96,0.007461,0.117441,0.018137,0.009225,0.023198,0.735246,0.089291
disgust_4882.jpg,disgust,5,0 0 96 96,0.021017,0.004599,0.019883,0.009976,0.027761,0.499308,0.417457
disgust_4914.jpg,disgust,6,7 6 96 96,0.055912,0.005662,0.178142,0.046850,0.193395,0.234457,0.285581
disgust_4922.jpg,disgust,5,11 13 82 84,0.007263,0.025900,0.025328,0.040808,0.173488,0.525782,0.201431
disgust_4933.jpg,disgust,5,2 7 95 96,0.042458,0.145454,0.035103,0.023574,0.029769,0.534143,0.189497
disgust_4938.jpg,disgust,6,0 4 96 96,0.046304,0.008758,0.060135,0.035651,0.108554,0.341919,0.398680
disgust_4943.jpg,disgust,5,0 4 96 96,0.001896,0.000270,0.001213,0.000894,0.004002,0.526263,0.465463
disgust_5596.jpg,disgust,5,0 6 96 96,0.014417,0.004492,0.036559,0.021126,0.102877,0.519372,0.301158
disgust_5619.jpg,disgust,5,5 0 96 96,0.034782,0.361575,0.010684,0.017822,0.008574,0.480138,0.086425
disgust_5620.jpg,disgust,1,0 2 94 96,0.222317,0.237892,0.216831,0.086570,0.062498,0.111396,0.062495
disgust_5622.jpg,disgust,2,0 0 92 92,0.297197,0.074581,0.479705,0.038502,0.032852,0.040387,0.036776
fear_174.jpg,fear,6,7 3 96 96,0.016521,0.000446,0.005185,0.006388,0.013250,0.234791,0.723419
fear_194.jpg,fear,3,0 0 96 96,0.224565,0.005381,0.030428,0.555519,0.125454,0.015368,0.043287
fear_198.jpg,fear,3,7 4 96 96,0.160156,0.059994,0.030882,0.294543,0.142730,0.138918,0.172777
fear_206.jpg,fear,3,1 1 96 96,0.023668,0.001426,0.005073,0.350596,0.342138,0.070067,0.207033
fear_214.jpg,fear,4,0 6 96 96,0.000057,0.000113,0.003011,0.032880,0.956191,0.006510,0.001238
fear_218.jpg,fear,4,0 7 96 96,0.007201,0.001289,0.236877,0.047530,0.659968,0.033787,0.013348
fear_220.jpg,fear,3,0 0 96 96,0.008464,0.008354,0.001383,0.730283,0.231408,0.011710,0.008399
fear_243.jpg,fear,6,4 7 96 96,0.311156,0.012773,0.155523,0.034283,0.033361,0.103078,0.349827
fear_261.jpg,fear,2,0 0 96 96,0.015483,0.023387,0.625959,0.014927,0.148237,0.151552,0.020455
fear_1416.jpg,fear,4,1 9 94 96,0.026689,0.000757,0.019737,0.455051,0.484657,0.005621,0.007487
fear_1420.jpg,fear,5,1 4 96 96,0.001244,0.000753,0.009890,0.021867,0.292334,0.417176,0.256736
fear_1424.jpg,fear,6,0 0 96 96,0.005586,0.004878,0.001183,0.233732,0.243644,0.221861,0.289116
fear_1427.jpg,fear,3,0 4 95 96,0.277971,0.001981,0.054381,0.568110,0.088204,0.002736,0.006616
fear_1429.jpg,fear,4,3 15 96 96,0.000201,0.000037,0.000564,0.161978,0.832443,0.002628,0.002148
fear_1435.jpg,fear,4,0 4 91 96,0.109422,0.007435,0.114661,0.168188,0.297105,0.107532,0.195658
fear_1444.jpg,fear,4,0 4 96 96,0.012499,0.030197,0.026553,0.228216,0.548904,0.102931,0.050700
fear_1450.jpg,fear,2,1 3 96 96,0.183835,0.060477,0.423160,0.084989,0.114031,0.077314,0.056194
fear_1467.jpg,fear,4,0 0 96 96,0.046561,0.002374,0.041204,0.207660,0.429990,0.086422,0.185788
fear_1469.jpg,fear,4,0 8 92 96,0.002067,0.001297,0.036788,0.096161,0.849723,0.010754,0.003210
fear_1471.jpg,fear,6,1 17 86 96,0.244017,0.003261,0.144896,0.020340,0.027843,0.087720,0.471922
fear_1472.jpg,fear,4,0 4 93 96,0.008965,0.007397,0.022842,0.247001,0.656636,0.035764,0.021395
fear_2384.jpg,fear,4,0 4 96 96,0.004588,0.019461,0.050068,0.257236,0.656929,0.009903,0.001815
fear_2415.jpg,fear,4,0 0 96 96,0.045523,0.002205,0.105580,0.293439,0.521650,0.016275,0.015328
fear_2435.jpg,fear,4,0 6 96 96,0.078448,0.016033,0.208189,0.221673,0.401856,0.043237,0.030564
fear_2459.jpg,fear,2,3 5 96 96,0.037372,0.038567,0.454022,0.076037,0.305796,0.069258,0.018948
fear_2463.jpg,fear,4,4 4 96 96,0.000643,0.095048,0.003502,0.434575,0.456949,0.008708,0.000577
fear_2532.jpg,fear,6,0 2 96 96,0.021644,0.002553,0.033236,0.063396,0.230722,0.246622,0.401827
fear_2557.jpg,fear,4,4 4 96 96,0.014065,0.033873,0.025760,0.339907,0.535182,0.037825,0.013388
fear_2566.jpg,fear,2,0 3 86 96,0.000510,0.000223,0.671488,0.003039,0.296912,0.026270,0.001558
fear_2587.jpg,fear,4,0 0 96 93,0.013810,0.002648,0.008440,0.379194,0.520905,0.031038,0.043966
fear_2595.jpg,fear,4,0 0 96 96,0.000176,0.000067,0.000150,0.343948,0.652158,0.002039,0.001462
fear_2609.jpg,fear,3,0 0 96 96,0.116874,0.032850,0.006668,0.693586,0.101469,0.021417,0.027136
fear_2611.jpg,fear,2,,0.061982,0.001865,0.716000,0.003947,0.024417,0.098168,0.093622
fear_2614.jpg,fear,4,0 0 96 96,0.005790,0.000523,0.106079,0.083677,0.782485,0.014385,0.007062
fear_2617.jpg,fear,6,,0.027231,0.000659,0.042546,0.016937,0.077078,0.209182,0.626368
fear_2631.jpg,fear,1,0 2 96 96,0.033451,0.657734,0.011073,0.031687,0.009814,0.218443,0.037797
fear_2632.jpg,fear,5,1 2 96 96,0.044958,0.026612,0.084640,0.026960,0.067894,0.460683,0.288253
fear_2638.jpg,fear,6,,0.060815,0.000946,0.045632,0.007352,0.017437,0.175333,0.692483
fear_2649.jpg,fear,4,10 10 92 93,0.092656,0.003072,0.053499,0.289997,0.357332,0.056190,0.147254
fear_2664.jpg,fear,4,1 6 96 96,0.004251,0.000913,0.265740,0.027207,0.619572,0.063709,0.018607
fear_2671.jpg,fear,4,0 4 96 96,0.004696,0.000310,0.006023,0.375722,0.608327,0.002696,0.002226
fear_2679.jpg,fear,3,0 0 96 96,0.193920,0.010444,0.160542,0.273802,0.253874,0.040986,0.066431
fear_2683.jpg,fear,4,0 9 90 96,0.006388,0.001067,0.016040,0.214562,0.730835,0.016693,0.014414
fear_2691.jpg,fear,4,0 0 96 96,0.001832,0.000134,0.003207,0.240611,0.745532,0.004281,0.004403
fear_2703.jpg,fear,6,0 4 94 96,0.096473,0.006046,0.049860,0.198885,0.228165,0.128076,0.292495
fear_2706.jpg,fear,5,0 0 96 96,0.010657,0.117140,0.104089,0.073348,0.301213,0.330823,0.062731
fear_3277.jpg,fear,4,0 4 92 96,0.000304,0.000148,0.009190,0.053791,0.930792,0.004513,0.001262
fear_3780.jpg,fear,4,4 4 96 96,0.012802,0.008167,0.048494,0.244646,0.656896,0.019932,0.009064
fear_3802.jpg,fear,3,1 4 90 94,0.045162,0.181651,0.029667,0.293196,0.246765,0.133145,0.070414
fear_3817.jpg,fear,5,8 5 96 96,0.039713,0.024748,0.022564,0.028219,0.044115,0.454208,0.386433
fear_3822.jpg,fear,4,0 4 96 96,0.128652,0.008704,0.123568,0.187563,0.262987,0.107067,0.181459
fear_3841.jpg,fear,2,0 0 96 96,0.039605,0.023330,0.454585,0.133654,0.324585,0.019167,0.005074
fear_3850.jpg,fear,4,0 0 96 96,0.000198,0.000019,0.149890,0.005159,0.817512,0.023773,0.003449
fear_3861.jpg,fear,1,1 3 96 96,0.031680,0.725196,0.031710,0.051420,0.020790,0.122152,0.017051
fear_3863.jpg,fear,6,0 4 94 96,0.013075,0.000088,0.003343,0.172924,0.334587,0.059507,0.416474
fear_3866.jpg,fear,4,0 0 96 96,0.015459,0.002791,0.191284,0.096072,0.641476,0.037508,0.015410
fear_4147.jpg,fear,4,0 0 96 96,0.007501,0.000377,0.004729,0.189925,0.503259,0.069338,0.224871
fear_4168.jpg,fear,6,,0.032147,0.000419,0.032031,0.031992,0.112937,0.144325,0.646150
fear_4171.jpg,fear,2,,0.181924,0.001049,0.321023,0.133601,0.230155,0.031881,0.100366
fear_4179.jpg,fear,6,6 16 90 96,0.299165,0.008512,0.208179,0.013735,0.016901,0.097073,0.356435
fear_4180.jpg,fear,2,0 5 94 96,0.241457,0.000765,0.375496,0.008147,0.017943,0.042801,0.313391
fear_4191.jpg,fear,4,0 4 95 96,0.023357,0.000458,0.401758,0.059162,0.482852,0.018592,0.013820
fear_4202.jpg,fear,2,3 6 89 92,0.023922,0.145500,0.466056,0.031316,0.155452,0.151106,0.026649
fear_4221.jpg,fear,6,5 2 96 96,0.163045,0.035702,0.133695,0.039649,0.056980,0.216623,0.354306
fear_4234.jpg,fear,3,0 4 96 96,0.009659,0.000235,0.001156,0.797618,0.188175,0.001254,0.001903
fear_4238.jpg,fear,4,,0.027735,0.185732,0.137573,0.161484,0.333247,0.123812,0.030416
fear_4419.jpg,fear,4,0 5 95 96,0.000201,0.000419,0.003344,0.075800,0.904813,0.011729,0.003695
fear_4438.jpg,fear,4,0 0 96 96,0.012951,0.001152,0.239681,0.047157,0.555476,0.089820,0.053763
fear_4456.jpg,fear,4,17 9 96 96,0.112419,0.001828,0.214826,0.141695,0.327317,0.057205,0.144709
fear_4459.jpg,fear,2,3 3 96 96,0.053816,0.140249,0.557939,0.018501,0.053996,0.143037,0.032461
fear_4463.jpg,fear,6,0 1 93 96,0.208643,0.000840,0.095232,0.159214,0.187432,0.045298,0.303340
fear_4477.jpg,fear,4,0 1 96 96,0.011426,0.003408,0.006021,0.168481,0.337485,0.184240,0.288939
fear_4478.jpg,fear,4,0 9 91 96,0.032437,0.003872,0.121078,0.150422,0.587399,0.057286,0.047505
fear_4479.jpg,fear,6,0 2 96 96,0.011187,0.000369,0.001899,0.253968,0.283264,0.093226,0.356087
fear_4481.jpg,fear,4,0 6 95 96,0.000456,0.000081,0.040027,0.025044,0.925181,0.007131,0.002081
fear_4493.jpg,fear,4,0 0 96 96,0.051415,0.006085,0.021364,0.305347,0.315449,0.115028,0.185312
fear_4494.jpg,fear,5,0 0 96 96,0.009646,0.132537,0.012759,0.012586,0.019835,0.675996,0.136641
fear_4879.jpg,fear,4,10 8 85 82,0.000011,0.000030,0.007629,0.009504,0.981295,0.001436,0.000095
fear_4881.jpg,fear,5,0 4 96 96,0.016555,0.007026,0.018757,0.043879,0.143874,0.389298,0.380611
fear_4885.jpg,fear,2,1 1 96 96,0.003272,0.008020,0.657388,0.020616,0.294791,0.014856,0.001059
fear_4899.jpg,fear,3,4 0 96 93,0.173700,0.087954,0.006951,0.703854,0.023631,0.002662,0.001249
fear_4910.jpg,fear,2,0 4 96 96,0.039396,0.170753,0.460245,0.056647,0.152650,0.100214,0.020095
fear_4915.jpg,fear,4,0 0 96 96,0.001142,0.000036,0.002251,0.238736,0.754201,0.001735,0.001898
fear_4927.jpg,fear,2,0 0 96 96,0.238317,0.001019,0.255244,0.182980,0.219517,0.020411,0.082511
fear_4936.jpg,fear,6,0 8 85 96,0.039244,0.004470,0.101418,0.042884,0.183977,0.278415,0.349593
fear_4949.jpg,fear,2,0 4 96 96,0.012426,0.001712,0.828415,0.007351,0.105976,0.035150,0.008969
fear_4961.jpg,fear,3,0 6 96 96,0.069325,0.001358,0.005794,0.824760,0.093609,0.001882,0.003272
fear_5554.jpg,fear,4,0 1 96 96,0.063439,0.002265,0.353463,0.115849,0.410310,0.028215,0.026459
fear_5577.jpg,fear,3,5 3 94 92,0.008323,0.001365,0.001491,0.826445,0.160624,0.001053,0.000699
fear_5582.jpg,fear,2,0 2 91 96,0.024443,0.002313,0.643486,0.003428,0.039249,0.171925,0.115157
fear_5585.jpg,fear,4,0 4 96 96,0.019377,0.000922,0.123648,0.139177,0.683918,0.018686,0.014271
fear_5594.jpg,fear,4,0 6 96 96,0.004234,0.002399,0.002610,0.381208,0.540793,0.033015,0.035741
fear_5599.jpg,fear,4,2 6 94 96,0.001444,0.000382,0.042668,0.059505,0.880853,0.011419,0.003731
fear_5604.jpg,fear,4,0 2 96 96,0.008284,0.001824,0.114860,0.095411,0.741186,0.026118,0.012317
fear_5612.jpg,fear,4,1 8 92 96,0.013529,0.000973,0.056641,0.167108,0.724130,0.020245,0.017374
fear_5629.jpg,fear,4,0 0 92 95,0.036098,0.015450,0.118405,0.217472,0.539660,0.047641,0.025273
fear_5632.jpg,fear,4,0 0 96 96,0.000009,0.000009,0.000822,0.017208,0.979446,0.002041,0.000464
fear_5639.jpg,fear,3,4 13 91 96,0.246874,0.024537,0.029918,0.490137,0.108520,0.036803,0.063210
fear_5643.jpg,fear,2,3 6 94 96,0.061474,0.001529,0.415513,0.029862,0.193903,0.107387,0.190332
fear_5646.jpg,fear,3,0 4 96 96,0.008573,0.000607,0.003437,0.604430,0.375744,0.003495,0.003714
happiness_171.jpg,happiness,1,3 11 91 96,0.136326,0.309033,0.037215,0.195017,0.087148,0.154829,0.080431
happiness_180.jpg,happiness,1,0 10 93 96,0.000281,0.959153,0.000267,0.014187,0.002391,0.023407,0.000314
happiness_185.jpg,happiness,1,2 10 93 96,0.000952,0.858163,0.003398,0.085477,0.033084,0.018273,0.000653
happiness_211.jpg,happiness,1,5 13 93 96,0.001098,0.938259,0.001243,0.039285,0.006731,0.013110,0.000275
happiness_240.jpg,happiness,1,2 10 96 96,0.002044,0.940885,0.002585,0.031920,0.006224,0.015835,0.000507
happiness_244.jpg,happiness,1,3 16 85 96,0.233022,0.471498,0.068646,0.036792,0.012893,0.129028,0.048121
happiness_246.jpg,happiness,1,5 15 88 96,0.001930,0.949031,0.002487,0.025427,0.004919,0.015821,0.000385
happiness_259.jpg,happiness,1,0 10 88 96,0.000399,0.973864,0.000218,0.003907,0.000420,0.020960,0.000232
happiness_260.jpg,happiness,6,0 9 92 96,0.050537,0.008049,0.007395,0.066452,0.054468,0.260602,0.552499
happiness_267.jpg,happiness,1,3 9 96 96,0.000754,0.926946,0.000060,0.065860,0.001744,0.004539,0.000097
happiness_268.jpg,happiness,1,0 9 93 96,0.000073,0.853923,0.000086,0.131983,0.012149,0.001767,0.000018
happiness_2393.jpg,happiness,3,2 10 94 96,0.037716,0.091888,0.005782,0.600654,0.167335,0.063731,0.032894
happiness_2531.jpg,happiness,2,7 13 93 96,0.027599,0.027169,0.464958,0.013241,0.086665,0.299741,0.080626
happiness_2535.jpg,happiness,5,10 19 85 94,0.049777,0.255332,0.021066,0.012194,0.009612,0.530173,0.121845
happiness_2537.jpg,happiness,5,5 13 96 96,0.002321,0.039979,0.001250,0.005772,0.009023,0.761313,0.180343
happiness_2538.jpg,happiness,3,0 13 90 96,0.031337,0.015422,0.009450,0.629477,0.281333,0.018694,0.014287
happiness_2543.jpg,happiness,1,0 7 96 96,0.003594,0.943321,0.001024,0.013374,0.001507,0.035765,0.001416
happiness_2549.jpg,happiness,1,2 11 95 96,0.000857,0.978133,0.003001,0.011012,0.001876,0.005058,0.000063
happiness_2551.jpg,happiness,1,4 19 86 96,0.001464,0.899336,0.020350,0.030756,0.025989,0.021598,0.000507
happiness_2555.jpg,happiness,5,6 12 96 96,0.030702,0.050022,0.117989,0.066327,0.227855,0.322896,0.184208
happiness_2565.jpg,happiness,5,3 18 86 96,0.000745,0.155074,0.002463,0.013421,0.028834,0.763257,0.036207
happiness_2572.jpg,happiness,1,7 10 96 96,0.004501,0.744251,0.001120,0.078048,0.015130,0.145743,0.011207
happiness_2573.jpg,happiness,5,5 11 94 96,0.014721,0.219528,0.028627,0.033764,0.051845,0.563349,0.088166
happiness_2581.jpg,happiness,1,0 7 92 96,0.001697,0.948400,0.000476,0.042748,0.002207,0.004367,0.000105
happiness_2590.jpg,happiness,1,4 17 88 96,0.007454,0.352228,0.020126,0.107334,0.168493,0.297706,0.046659
happiness_2605.jpg,happiness,5,0 7 94 96,0.011912,0.276042,0.009535,0.050785,0.045614,0.503249,0.102862
happiness_2610.jpg,happiness,1,4 13 96 96,0.030126,0.479575,0.190991,0.026914,0.051426,0.192358,0.028610
happiness_2615.jpg,happiness,1,5 12 92 96,0.000084,0.978778,0.000070,0.017853,0.001074,0.002128,0.000014
happiness_2619.jpg,happiness,1,13 15 96 96,0.000957,0.894937,0.000188,0.042327,0.004787,0.055204,0.001599
happiness_2622.jpg,happiness,1,3 21 81 96,0.027509,0.463314,0.010571,0.273281,0.093978,0.104629,0.026719
happiness_2625.jpg,happiness,1,10 17 89 96,0.009210,0.916093,0.003880,0.021884,0.003505,0.043483,0.001945
happiness_3774.jpg,happiness,1,6 14 90 96,0.000299,0.931198,0.000229,0.055202,0.006525,0.006453,0.000096
happiness_3775.jpg,happiness,1,5 15 94 96,0.000583,0.946599,0.000080,0.035775,0.001964,0.014750,0.000248
happiness_3782.jpg,happiness,1,4 10 96 96,0.000648,0.955748,0.000281,0.028647,0.002786,0.011612,0.000278
happiness_3786.jpg,happiness,1,9 24 81 95,0.032210,0.542551,0.093056,0.016420,0.016663,0.258543,0.040558
happiness_3789.jpg,happiness,1,14 20 84 90,0.024151,0.614426,0.020746,0.071193,0.041785,0.200504,0.027195
happiness_3791.jpg,happiness,1,0 10 86 96,0.007252,0.707498,0.009000,0.022747,0.014384,0.225999,0.013120
happiness_3803.jpg,happiness,3,4 16 86 96,0.091501,0.283506,0.025905,0.301414,0.139039,0.110404,0.048232
happiness_3818.jpg,happiness,4,7 13 83 89,0.002270,0.088210,0.005902,0.366968,0.494917,0.034829,0.006903
happiness_3820.jpg,happiness,3,7 5 96 96,0.001591,0.212882,0.000773,0.645633,0.131524,0.006910,0.000687
happiness_3827.jpg,happiness,1,5 17 88 96,0.004687,0.890438,0.011890,0.034058,0.014463,0.042783,0.001681
happiness_3832.jpg,happiness,5,4 7 93 96,0.026992,0.014439,0.235678,0.003117,0.018046,0.522766,0.178961
happiness_3840.jpg,happiness,4,7 17 90 96,0.005187,0.029825,0.007322,0.244230,0.510396,0.129563,0.073478
happiness_3843.jpg,happiness,1,1 5 96 96,0.068851,0.765405,0.024623,0.023879,0.005569,0.092927,0.018746
happiness_3849.jpg,happiness,1,0 8 89 96,0.002256,0.458325,0.005754,0.311133,0.191839,0.028304,0.002390
happiness_3854.jpg,happiness,1,11 21 83 93,0.008753,0.921712,0.013406,0.009523,0.002788,0.042212,0.001606
happiness_3865.jpg,happiness,3,8 19 87 96,0.010332,0.317921,0.009566,0.383536,0.216331,0.052835,0.009479
happiness_3869.jpg,happiness,4,7 12 90 95,0.002505,0.069786,0.047722,0.171925,0.673914,0.030279,0.003870
happiness_3870.jpg,happiness,1,7 21 81 96,0.001473,0.939933,0.001655,0.007729,0.001756,0.046801,0.000653
happiness_4158.jpg,happiness,1,8 19 85 96,0.000287,0.936611,0.001180,0.022340,0.010683,0.028543,0.000356
happiness_4160.jpg,happiness,1,7 15 91 96,0.000425,0.990613,0.000103,0.004605,0.000176,0.004042,0.000035
happiness_4163.jpg,happiness,5,0 10 92 96,0.002177,0.368871,0.000371,0.031117,0.009046,0.543903,0.044515
happiness_4170.jpg,happiness,1,0 5 92 96,0.002745,0.583624,0.005920,0.017450,0.016713,0.357350,0.016198
happiness_4183.jpg,happiness,1,2 12 88 96,0.030597,0.652786,0.014405,0.213399,0.051175,0.032682,0.004956
happiness_4184.jpg,happiness,1,0 7 96 96,0.000137,0.984954,0.000249,0.011616,0.001047,0.001984,0.000013
happiness_4185.jpg,happiness,1,4 11 93 96,0.013004,0.783618,0.011193,0.126480,0.033291,0.029613,0.002801
happiness_4189.jpg,happiness,5,,0.009461,0.250966,0.011400,0.124002,0.125482,0.388948,0.089741
happiness_4198.jpg,happiness,5,0 10 90 96,0.004880,0.169179,0.006281,0.030057,0.040066,0.647832,0.101705
happiness_4205.jpg,happiness,1,11 20 89 96,0.003081,0.355158,0.012354,0.128429,0.230449,0.248926,0.021603
happiness_4210.jpg,happiness,1,7 17 85 95,0.007916,0.540854,0.003705,0.338889,0.078000,0.027286,0.003350
happiness_4225.jpg,happiness,5,4 11 93 96,0.019151,0.041548,0.064554,0.006152,0.021886,0.647026,0.199683
happiness_4231.jpg,happiness,4,5 13 96 96,0.007453,0.040480,0.087862,0.129447,0.639229,0.079122,0.016408
happiness_4243.jpg,happiness,1,11 18 81 88,0.024676,0.921227,0.001517,0.017383,0.000910,0.032264,0.002022
happiness_4395.jpg,happiness,1,10 17 89 96,0.002888,0.888369,0.000758,0.017791,0.002640,0.084125,0.003429
happiness_4402.jpg,happiness,1,9 16 86 93,0.000305,0.961972,0.002386,0.016609,0.008093,0.010514,0.000121
happiness_4406.jpg,happiness,1,8 14 95 96,0.011508,0.665522,0.006872,0.027393,0.011752,0.253158,0.023795
happiness_4408.jpg,happiness,1,0 17 85 96,0.004075,0.359546,0.191361,0.078383,0.314765,0.049404,0.002466
happiness_4411.jpg,happiness,5,0 8 88 96,0.063171,0.060082,0.149795,0.069801,0.164318,0.326192,0.166639
happiness_4413.jpg,happiness,1,2 10 95 96,0.000160,0.951621,0.001036,0.016342,0.007668,0.022983,0.000189
happiness_4421.jpg,happiness,4,0 4 96 96,0.029983,0.013000,0.162896,0.121131,0.506355,0.106274,0.060361
happiness_4426.jpg,happiness,1,5 10 96 96,0.000762,0.925612,0.000191,0.060777,0.003650,0.008848,0.000161
happiness_4431.jpg,happiness,5,6 16 88 96,0.000514,0.089157,0.003096,0.058671,0.230694,0.565357,0.052512
happiness_4435.jpg,happiness,1,9 12 90 94,0.001121,0.946081,0.008706,0.014816,0.008835,0.020085,0.000357
happiness_4437.jpg,happiness,1,0 10 92 96,0.000584,0.823046,0.002312,0.109593,0.050389,0.013701,0.000376
happiness_4439.jpg,happiness,1,0 12 91 96,0.013138,0.731453,0.004640,0.067530,0.019642,0.148578,0.015019
happiness_4451.jpg,happiness,5,0 13 82 96,0.021001,0.011311,0.044190,0.012602,0.043835,0.568950,0.298111
happiness_4455.jpg,happiness,1,1 7 96 96,0.033987,0.716528,0.022250,0.099228,0.032373,0.083114,0.012519
happiness_4464.jpg,happiness,1,9 17 86 94,0.005038,0.839944,0.004217,0.092344,0.023117,0.032797,0.002542
happiness_4468.jpg,happiness,1,7 16 86 95,0.020883,0.795102,0.003874,0.134213,0.015021,0.027939,0.002968
happiness_4470.jpg,happiness,3,3 7 90 93,0.012440,0.135612,0.008844,0.595025,0.229166,0.015466,0.003449
happiness_4471.jpg,happiness,6,6 12 90 96,0.215149,0.002845,0.086565,0.049728,0.059380,0.089195,0.497138
happiness_4483.jpg,happiness,6,0 8 87 96,0.022151,0.001865,0.012956,0.016674,0.042165,0.290809,0.613379
happiness_4491.jpg,happiness,1,7 13 96 96,0.013153,0.417386,0.015605,0.132557,0.116768,0.260592,0.043938
happiness_5552.jpg,happiness,1,5 17 86 96,0.001696,0.787163,0.012286,0.030677,0.037412,0.127582,0.003184
happiness_5555.jpg,happiness,6,8 16 85 92,0.095525,0.001039,0.231722,0.003089,0.013048,0.155407,0.500170
happiness_5564.jpg,happiness,1,0 7 94 96,0.000101,0.989045,0.000318,0.006433,0.000900,0.003185,0.000018
happiness_5565.jpg,happiness,1,4 16 90 96,0.003363,0.892698,0.015587,0.023143,0.015552,0.048025,0.001631
happiness_5573.jpg,happiness,1,6 16 88 96,0.002893,0.570075,0.014886,0.173449,0.190650,0.044693,0.003354
happiness_5574.jpg,happiness,3,3 3 96 96,0.175625,0.198317,0.003293,0.460267,0.035384,0.068216,0.058897
happiness_5575.jpg,happiness,3,0 9 93 96,0.000430,0.226540,0.000267,0.648245,0.119504,0.004704,0.000310
happiness_5586.jpg,happiness,1,2 12 91 96,0.001685,0.867659,0.001511,0.034001,0.010884,0.081776,0.002484
happiness_5587.jpg,happiness,1,11 17 83 88,0.006460,0.495265,0.002546,0.417709,0.065935,0.010720,0.001365
happiness_5611.jpg,happiness,1,2 9 96 96,0.005550,0.689139,0.002455,0.173455,0.043407,0.079124,0.006870
happiness_5615.jpg,happiness,1,0 10 90 96,0.000551,0.977550,0.000141,0.005371,0.000348,0.015829,0.000210
happiness_5618.jpg,happiness,1,9 16 88 94,0.014930,0.601600,0.024008,0.143211,0.092507,0.106812,0.016932
happiness_5624.jpg,happiness,1,0 16 85 96,0.003001,0.553035,0.004271,0.225880,0.129841,0.077133,0.006839
happiness_5635.jpg,happiness,1,7 16 88 96,0.040594,0.549582,0.047167,0.022238,0.016580,0.289444,0.034395
happiness_5637.jpg,happiness,1,8 16 93 96,0.000655,0.743656,0.001487,0.188786,0.054367,0.010688,0.000362
happiness_5641.jpg,happiness,1,0 9 89 96,0.117113,0.437144,0.038316,0.239160,0.072116,0.070075,0.026076
happiness_5647.jpg,happiness,1,2 8 93 96,0.000287,0.933998,0.000360,0.055511,0.006040,0.003754,0.000051
neutral_183.jpg,neutral,1,4 0 96 95,0.138466,0.604064,0.015248,0.208235,0.014201,0.016360,0.003425
neutral_197.jpg,neutral,2,0 11 88 96,0.172537,0.064338,0.440570,0.011949,0.020435,0.168837,0.121334
neutral_202.jpg,neutral,5,5 13 95 96,0.067061,0.110336,0.003332,0.231275,0.065879,0.287002,0.235115
neutral_208.jpg,neutral,0,8 12 87 91,0.497144,0.115958,0.152760,0.139484,0.036468,0.025757,0.032429
neutral_212.jpg,neutral,1,17 17 81 82,0.322392,0.416249,0.049475,0.103128,0.018463,0.062074,0.028219
neutral_213.jpg,neutral,6,6 4 96 96,0.161665,0.044203,0.086096,0.169642,0.171652,0.157248,0.209495
neutral_217.jpg,neutral,3,12 19 91 96,0.083110,0.004784,0.034752,0.496014,0.327131,0.020611,0.033598
neutral_222.jpg,neutral,0,2 11 90 96,0.259679,0.243672,0.070788,0.111310,0.049412,0.150485,0.114653
neutral_223.jpg,neutral,2,8 10 96 96,0.054733,0.328593,0.383092,0.065281,0.097390,0.060839,0.010072
neutral_224.jpg,neutral,2,11 19 89 96,0.150686,0.004020,0.719906,0.019922,0.044387,0.028689,0.032390
neutral_229.jpg,neutral,2,4 20 82 96,0.266882,0.028759,0.434685,0.037323,0.047912,0.070448,0.113990
neutral_242.jpg,neutral,4,12 16 96 96,0.042081,0.003936,0.094935,0.110728,0.374685,0.154526,0.219109
neutral_245.jpg,neutral,4,1 15 86 96,0.020063,0.001268,0.012784,0.256453,0.483557,0.065923,0.159952
neutral_249.jpg,neutral,3,2 17 85 96,0.041571,0.081647,0.040427,0.393083,0.357686,0.059119,0.026467
neutral_253.jpg,neutral,5,1 11 91 96,0.047816,0.051210,0.036192,0.010532,0.017744,0.573039,0.263467
neutral_262.jpg,neutral,2,6 14 85 93,0.016692,0.025234,0.409518,0.047209,0.385583,0.095955,0.019809
neutral_265.jpg,neutral,6,,0.119243,0.014541,0.086607,0.038657,0.063548,0.257533,0.419871
neutral_266.jpg,neutral,2,14 20 84 90,0.163494,0.013419,0.561166,0.025747,0.063268,0.087772,0.085135
neutral_3776.jpg,neutral,4,0 12 85 96,0.024991,0.061336,0.189953,0.251175,0.448305,0.020434,0.003806
neutral_3778.jpg,neutral,3,12 11 96 96,0.200797,0.023756,0.034671,0.528451,0.138856,0.029786,0.043684
neutral_3779.jpg,neutral,1,13 18 81 86,0.135356,0.332473,0.026441,0.018199,0.007032,0.326354,0.154144
neutral_3784.jpg,neutral,3,4 9 96 96,0.014513,0.143664,0.009924,0.357940,0.285134,0.134818,0.054007
neutral_3796.jpg,neutral,4,6 6 96 96,0.005006,0.000715,0.026159,0.129342,0.801199,0.020825,0.016755
neutral_3797.jpg,neutral,6,6 15 89 96,0.370527,0.001332,0.084404,0.082816,0.052045,0.035819,0.373057
neutral_3808.jpg,neutral,1,0 14 83 96,0.058895,0.460625,0.005781,0.029095,0.007425,0.356375,0.081804
neutral_3811.jpg,neutral,6,0 5 92 96,0.007485,0.000595,0.005544,0.001436,0.005259,0.411027,0.568654
neutral_3814.jpg,neutral,1,0 10 88 96,0.197203,0.288789,0.081628,0.054447,0.031129,0.229895,0.116909
neutral_3821.jpg,neutral,5,0 12 86 96,0.000979,0.000806,0.001218,0.000756,0.003989,0.752572,0.239679
neutral_3824.jpg,neutral,0,3 11 90 96,0.361252,0.304034,0.097788,0.050307,0.017802,0.099281,0.069536
neutral_3831.jpg,neutral,6,6 13 89 96,0.026238,0.001718,0.016123,0.000317,0.000888,0.333148,0.621568
neutral_3835.jpg,neutral,0,5 13 92 96,0.334224,0.002890,0.209805,0.068464,0.065266,0.045197,0.274152
neutral_3837.jpg,neutral,3,11 12 89 91,0.311667,0.150629,0.081536,0.392205,0.049336,0.009648,0.004979
neutral_3842.jpg,neutral,3,4 10 88 94,0.276142,0.004500,0.063908,0.469439,0.137868,0.012244,0.035900
neutral_3856.jpg,neutral,6,0 11 86 96,0.056975,0.027273,0.013178,0.103110,0.090567,0.308742,0.400155
neutral_3857.jpg,neutral,4,5 11 95 96,0.023249,0.001748,0.028121,0.272569,0.604691,0.030481,0.039140
neutral_3862.jpg,neutral,6,0 8 85 96,0.067401,0.007733,0.009745,0.101091,0.078135,0.240285,0.495610
neutral_3871.jpg,neutral,6,0 2 90 96,0.015566,0.008849,0.007427,0.042164,0.072669,0.403213,0.450112
neutral_3873.jpg,neutral,3,4 10 96 96,0.156241,0.050934,0.053073,0.237022,0.188456,0.132879,0.181394
neutral_4146.jpg,neutral,1,7 13 89 95,0.087069,0.551501,0.017428,0.064133,0.019874,0.209911,0.050085
neutral_4151.jpg,neutral,1,0 9 90 96,0.047990,0.461213,0.245291,0.081371,0.088944,0.067462,0.007729
neutral_4154.jpg,neutral,6,0 11 85 96,0.178750,0.037198,0.028311,0.098645,0.058088,0.203710,0.395299
neutral_4156.jpg,neutral,6,4 10 96 96,0.155932,0.003224,0.120315,0.021644,0.037772,0.130126,0.530988
neutral_4157.jpg,neutral,4,0 11 87 96,0.121310,0.009182,0.201762,0.176807,0.310392,0.076997,0.103550
neutral_4159.jpg,neutral,2,4 15 86 96,0.011151,0.005115,0.492178,0.020973,0.296449,0.138919,0.035216
neutral_4166.jpg,neutral,4,11 21 87 96,0.000579,0.000682,0.364882,0.004343,0.413843,0.202176,0.013496
neutral_4174.jpg,neutral,2,15 18 87 91,0.059289,0.006408,0.395752,0.001643,0.008471,0.341569,0.186867
neutral_4176.jpg,neutral,2,7 11 94 96,0.017626,0.004448,0.560918,0.007814,0.094700,0.234075,0.080419
neutral_4188.jpg,neutral,6,0 5 95 96,0.284326,0.004772,0.034842,0.012702,0.007148,0.092564,0.563645
neutral_4192.jpg,neutral,4,2 12 90 96,0.016821,0.006869,0.204086,0.057044,0.459985,0.174687,0.080508
neutral_4194.jpg,neutral,1,0 9 84 96,0.029323,0.477299,0.029992,0.095498,0.067070,0.255303,0.045516
neutral_4199.jpg,neutral,2,0 12 85 96,0.190543,0.018735,0.241787,0.117066,0.174166,0.099159,0.158544
neutral_4203.jpg,neutral,4,9 13 87 91,0.015043,0.004980,0.053097,0.158144,0.676084,0.054060,0.038592
neutral_4204.jpg,neutral,4,0 14 85 96,0.004049,0.000763,0.011931,0.132831,0.753325,0.047760,0.049340
neutral_4206.jpg,neutral,6,1 16 85 96,0.048787,0.000402,0.030377,0.020263,0.052619,0.129950,0.717602
neutral_4217.jpg,neutral,6,0 6 94 96,0.047257,0.011106,0.043198,0.027599,0.069182,0.374036,0.427621
neutral_4222.jpg,neutral,6,1 10 90 96,0.186093,0.004136,0.083578,0.004171,0.005620,0.134817,0.581585
neutral_4228.jpg,neutral,4,8 18 80 90,0.023258,0.001840,0.060680,0.260266,0.627531,0.014047,0.012378
neutral_4236.jpg,neutral,6,5 11 94 96,0.003226,0.000036,0.004610,0.004738,0.033744,0.207333,0.746314
neutral_4237.jpg,neutral,5,10 16 91 96,0.013494,0.198751,0.088710,0.036359,0.115390,0.463865,0.083430
neutral_4396.jpg,neutral,6,4 14 88 96,0.088399,0.006259,0.059051,0.042478,0.075729,0.239280,0.488803
neutral_4400.jpg,neutral,0,4 10 90 96,0.603975,0.002797,0.129280,0.048432,0.015030,0.017300,0.183186
neutral_4401.jpg,neutral,0,6 12 96 96,0.237462,0.052320,0.111472,0.149252,0.121196,0.143086,0.185213
neutral_4407.jpg,neutral,1,,0.085218,0.303217,0.165835,0.113164,0.102765,0.175431,0.054371
neutral_4409.jpg,neutral,1,8 9 96 96,0.053887,0.530468,0.014366,0.081568,0.027271,0.239589,0.052850
neutral_4417.jpg,neutral,1,0 6 96 96,0.023507,0.680091,0.016691,0.039584,0.017905,0.201387,0.020835
neutral_4420.jpg,neutral,6,12 14 96 96,0.015700,0.005242,0.003552,0.126925,0.147928,0.262446,0.438207
neutral_4429.jpg,neutral,0,15 27 80 92,0.459511,0.314514,0.033173,0.020688,0.003594,0.090243,0.078277
neutral_4430.jpg,neutral,6,0 1 96 96,0.015446,0.000015,0.003515,0.000647,0.001709,0.064883,0.913786
neutral_4433.jpg,neutral,0,8 12 92 96,0.490841,0.004453,0.028087,0.299531,0.049464,0.016567,0.111057
neutral_4434.jpg,neutral,0,12 20 81 89,0.358993,0.020281,0.074992,0.220064,0.099673,0.052262,0.173734
neutral_4441.jpg,neutral,6,9 10 96 96,0.014625,0.001147,0.017312,0.011262,0.039813,0.355046,0.560795
neutral_4446.jpg,neutral,5,0 8 93 96,0.075736,0.016519,0.122749,0.039626,0.103980,0.321355,0.320035
neutral_4447.jpg,neutral,3,6 16 92 96,0.086506,0.017795,0.017209,0.294377,0.194256,0.136370,0.253487
neutral_4453.jpg,neutral,5,2 8 95 96,0.023473,0.017912,0.004071,0.018602,0.016341,0.532952,0.386649
neutral_4458.jpg,neutral,3,0 6 92 96,0.264124,0.000462,0.091935,0.466052,0.147968,0.004821,0.024639
neutral_4460.jpg,neutral,6,8 14 86 92,0.336716,0.022990,0.077468,0.032179,0.021511,0.110262,0.398874
neutral_4461.jpg,neutral,6,6 14 89 96,0.020786,0.000144,0.005999,0.019967,0.046296,0.125595,0.781212
neutral_4469.jpg,neutral,6,6 12 96 96,0.018097,0.000367,0.010367,0.007513,0.020887,0.209069,0.733700
neutral_4472.jpg,neutral,6,0 8 87 96,0.252229,0.029091,0.216126,0.044216,0.054868,0.138242,0.265227
neutral_4473.jpg,neutral,2,4 13 88 96,0.183405,0.006401,0.556037,0.018610,0.044532,0.062395,0.128619
neutral_4476.jpg,neutral,6,18 17 96 96,0.082609,0.012968,0.016442,0.062674,0.052116,0.247228,0.525962
neutral_5556.jpg,neutral,6,0 11 86 96,0.110113,0.017203,0.018040,0.019519,0.016883,0.298133,0.520110
neutral_5557.jpg,neutral,0,14 22 85 94,0.352713,0.003872,0.136123,0.067073,0.053993,0.056346,0.329880
neutral_5558.jpg,neutral,2,7 16 91 96,0.073572,0.010725,0.319650,0.011214,0.047669,0.296302,0.240868
neutral_5572.jpg,neutral,4,2 14 85 96,0.004688,0.004285,0.048533,0.094963,0.761277,0.064991,0.021264
neutral_5581.jpg,neutral,3,5 10 93 96,0.143545,0.017054,0.017168,0.644014,0.137404,0.017628,0.023187
neutral_5583.jpg,neutral,2,10 17 83 89,0.011176,0.006734,0.907998,0.004636,0.047223,0.019597,0.002636
neutral_5589.jpg,neutral,0,13 20 85 91,0.274265,0.160253,0.056576,0.233646,0.088811,0.091423,0.095025
neutral_5591.jpg,neutral,3,,0.142204,0.089171,0.151711,0.245717,0.243527,0.074840,0.052830
neutral_5592.jpg,neutral,6,6 12 92 96,0.092901,0.007391,0.055176,0.013697,0.024291,0.262279,0.544264
neutral_5595.jpg,neutral,4,4 14 86 96,0.063073,0.011504,0.059814,0.268661,0.428288,0.073592,0.095068
neutral_5602.jpg,neutral,6,1 11 94 96,0.037796,0.003153,0.017198,0.034457,0.065411,0.243317,0.598669
neutral_5608.jpg,neutral,6,15 22 85 92,0.027549,0.000212,0.010704,0.005170,0.013468,0.141594,0.801304
neutral_5614.jpg,neutral,5,7 9 95 96,0.001905,0.113095,0.005055,0.002543,0.005078,0.816097,0.056228
neutral_5616.jpg,neutral,5,14 21 83 90,0.113272,0.145822,0.051393,0.027595,0.025168,0.431801,0.204949
neutral_5617.jpg,neutral,4,7 12 91 96,0.016524,0.001883,0.028475,0.305282,0.621609,0.013931,0.012296
neutral_5621.jpg,neutral,1,7 15 89 96,0.212091,0.313952,0.073190,0.071538,0.035503,0.189616,0.104111
neutral_5633.jpg,neutral,6,5 12 91 96,0.042610,0.000880,0.013331,0.035827,0.062576,0.172539,0.672238
neutral_5634.jpg,neutral,5,0 10 91 96,0.120736,0.173898,0.019645,0.037332,0.019308,0.372951,0.256130
neutral_5640.jpg,neutral,2,4 12 91 96,0.152614,0.045109,0.427618,0.027406,0.058304,0.150973,0.137976
sadness_173.jpg,sadness,4,0 4 95 96,0.003194,0.002222,0.395677,0.023403,0.536364,0.033300,0.005841
sadness_178.jpg,sadness,6,6 5 96 96,0.009556,0.000534,0.036497,0.042216,0.367267,0.173836,0.370093
sadness_184.jpg,sadness,2,0 0 96 96,0.005845,0.018422,0.662766,0.020154,0.232752,0.054675,0.005386
sadness_187.jpg,sadness,3,0 4 92 96,0.210610,0.006580,0.132001,0.355914,0.232766,0.021898,0.040231
sadness_188.jpg,sadness,2,0 0 92 96,0.084375,0.170985,0.412696,0.041663,0.092758,0.154810,0.042713
sadness_190.jpg,sadness,2,4 0 96 96,0.081155,0.008014,0.500517,0.041846,0.148263,0.123085,0.097119
sadness_192.jpg,sadness,2,0 4 96 96,0.013404,0.002513,0.785959,0.011174,0.135933,0.041709,0.009307
sadness_219.jpg,sadness,2,0 2 95 96,0.035160,0.004998,0.713383,0.039381,0.183137,0.017154,0.006787
sadness_226.jpg,sadness,2,6 6 96 96,0.412754,0.004701,0.433381,0.037186,0.025020,0.018488,0.068470
sadness_228.jpg,sadness,2,0 0 96 96,0.136485,0.002616,0.284793,0.057817,0.149810,0.103468,0.265012
sadness_233.jpg,sadness,4,4 6 93 95,0.073640,0.005617,0.148547,0.099095,0.293743,0.139351,0.240006
sadness_241.jpg,sadness,2,0 4 96 96,0.048681,0.000006,0.571917,0.000261,0.003403,0.021541,0.354191
sadness_252.jpg,sadness,2,0 8 94 96,0.020426,0.001626,0.503137,0.005977,0.084019,0.211385,0.173429
sadness_256.jpg,sadness,2,0 0 96 96,0.002773,0.000384,0.961071,0.000362,0.010231,0.022431,0.002748
sadness_263.jpg,sadness,4,0 0 96 96,0.037387,0.008657,0.015071,0.272861,0.315708,0.145246,0.205071
sadness_264.jpg,sadness,2,0 6 96 96,0.005101,0.000682,0.909620,0.001579,0.042357,0.033533,0.007128
sadness_1447.jpg,sadness,2,0 6 96 96,0.215275,0.001421,0.486299,0.004060,0.010423,0.042996,0.239525
sadness_1449.jpg,sadness,6,4 2 96 96,0.007988,0.000584,0.004123,0.004522,0.013397,0.372036,0.597349
sadness_1452.jpg,sadness,2,0 0 96 96,0.000622,0.000088,0.913043,0.001031,0.078343,0.006389,0.000483
sadness_1476.jpg,sadness,1,0 2 93 96,0.014852,0.899175,0.027639,0.032633,0.008503,0.016280,0.000918
sadness_1480.jpg,sadness,6,0 0 96 96,0.076910,0.000044,0.016282,0.001253,0.002026,0.040216,0.863269
sadness_1501.jpg,sadness,2,7 6 96 95,0.041508,0.044436,0.855223,0.004373,0.014862,0.032724,0.006876
sadness_2401.jpg,sadness,2,0 0 96 96,0.002343,0.000090,0.966957,0.000513,0.021326,0.007363,0.001407
sadness_2409.jpg,sadness,2,0 0 96 96,0.028849,0.001134,0.528391,0.001440,0.014878,0.217287,0.208021
sadness_2414.jpg,sadness,4,0 4 96 96,0.006223,0.004996,0.220121,0.087120,0.664398,0.014334,0.002809
sadness_2416.jpg,sadness,2,0 4 90 96,0.019228,0.004360,0.761304,0.016470,0.149164,0.039144,0.010331
sadness_2432.jpg,sadness,0,0 0 96 96,0.410393,0.016628,0.229103,0.147458,0.073716,0.032640,0.090062
sadness_2444.jpg,sadness,0,0 3 96 96,0.311715,0.000964,0.153511,0.298189,0.169287,0.011560,0.054773
sadness_2454.jpg,sadness,6,0 6 91 96,0.113743,0.000037,0.219813,0.003139,0.012613,0.033176,0.617479
sadness_2462.jpg,sadness,6,5 4 96 96,0.051419,0.004464,0.133244,0.013338,0.055088,0.341703,0.400743
sadness_2464.jpg,sadness,6,0 3 90 95,0.027722,0.002327,0.013894,0.005723,0.012541,0.339875,0.597918
sadness_2548.jpg,sadness,3,1 4 96 96,0.094836,0.001879,0.062021,0.532292,0.293056,0.006048,0.009869
sadness_2550.jpg,sadness,6,0 4 94 96,0.068013,0.000825,0.038986,0.025261,0.058117,0.144188,0.664610
sadness_2560.jpg,sadness,5,5 8 96 96,0.004676,0.004901,0.030859,0.003338,0.024056,0.740523,0.191646
sadness_2578.jpg,sadness,3,2 6 96 96,0.159616,0.166562,0.045546,0.476791,0.112784,0.026219,0.012481
sadness_2601.jpg,sadness,4,2 5 96 96,0.089301,0.071853,0.090536,0.217623,0.284414,0.139273,0.106999
sadness_2602.jpg,sadness,5,0 4 95 96,0.020517,0.009569,0.019278,0.011252,0.030356,0.551296,0.357732
sadness_2613.jpg,sadness,2,0 0 96 96,0.029592,0.003130,0.571230,0.002521,0.022578,0.250229,0.120719
sadness_2627.jpg,sadness,6,0 3 95 96,0.017892,0.000715,0.156585,0.004852,0.054225,0.333708,0.432024
sadness_2639.jpg,sadness,2,0 4 96 96,0.128722,0.005342,0.337636,0.188352,0.295328,0.022855,0.021765
sadness_2666.jpg,sadness,2,4 7 94 96,0.014209,0.001477,0.737707,0.015059,0.192460,0.028620,0.010466
sadness_2672.jpg,sadness,2,0 0 96 96,0.054147,0.043592,0.507469,0.072688,0.231689,0.069531,0.020885
sadness_2688.jpg,sadness,2,2 4 96 96,0.253341,0.011303,0.579269,0.034718,0.043853,0.030859,0.046658
sadness_2689.jpg,sadness,2,0 0 96 96,0.051685,0.012793,0.507547,0.071857,0.277500,0.056703,0.021915
sadness_2697.jpg,sadness,6,,0.037043,0.004274,0.174322,0.006407,0.035900,0.367557,0.374496
sadness_2702.jpg,sadness,2,1 5 96 96,0.001566,0.000495,0.906530,0.002097,0.079269,0.009162,0.000881
sadness_3261.jpg,sadness,6,0 2 96 96,0.038443,0.000274,0.092567,0.002009,0.010863,0.182960,0.672883
sadness_3269.jpg,sadness,5,0 0 96 96,0.006186,0.004173,0.236055,0.010636,0.168269,0.459280,0.115400
sadness_3273.jpg,sadness,4,0 4 92 96,0.029751,0.005862,0.053260,0.147257,0.461712,0.145091,0.157068
sadness_3285.jpg,sadness,3,0 2 96 96,0.130698,0.013120,0.059376,0.489018,0.252092,0.024824,0.030873
sadness_3288.jpg,sadness,2,0 0 96 96,0.004760,0.013866,0.866926,0.002151,0.038824,0.068083,0.005390
sadness_3296.jpg,sadness,2,1 6 96 96,0.138129,0.001212,0.704014,0.016290,0.045900,0.025561,0.068895
sadness_3338.jpg,sadness,4,0 4 92 96,0.138401,0.012329,0.195844,0.190698,0.311831,0.065069,0.085828
sadness_3339.jpg,sadness,2,3 4 96 96,0.000793,0.000071,0.943274,0.000438,0.043296,0.010785,0.001344
sadness_3790.jpg,sadness,1,0 2 95 96,0.018882,0.360794,0.220945,0.030710,0.085604,0.251654,0.031410
sadness_3801.jpg,sadness,6,0 0 96 96,0.031171,0.003639,0.029910,0.005473,0.014778,0.337968,0.577061
sadness_3807.jpg,sadness,2,0 0 96 96,0.036509,0.002104,0.801867,0.000545,0.004259,0.092907,0.061808
sadness_3812.jpg,sadness,6,0 2 92 96,0.216065,0.000414,0.028299,0.002499,0.001951,0.038542,0.712230
sadness_3815.jpg,sadness,2,0 7 96 96,0.000425,0.000009,0.847918,0.000764,0.139722,0.009445,0.001717
sadness_3826.jpg,sadness,6,0 5 96 96,0.010289,0.000056,0.007673,0.026472,0.108935,0.099068,0.747506
sadness_3829.jpg,sadness,2,4 8 94 96,0.000364,0.001355,0.956992,0.000247,0.019201,0.021405,0.000435
sadness_3838.jpg,sadness,4,0 4 91 96,0.014621,0.002936,0.284248,0.037740,0.455497,0.135150,0.069808
sadness_3839.jpg,sadness,0,0 2 96 96,0.421238,0.000762,0.153918,0.108965,0.081181,0.018555,0.215381
sadness_3847.jpg,sadness,5,0 4 96 96,0.003701,0.272885,0.017212,0.038616,0.082430,0.530917,0.054240
sadness_4178.jpg,sadness,4,10 7 94 91,0.041893,0.011607,0.071400,0.176951,0.458512,0.119329,0.120308
sadness_4195.jpg,sadness,0,2 2 91 91,0.372257,0.109607,0.056623,0.008002,0.003497,0.172443,0.277571
sadness_4196.jpg,sadness,6,2 0 96 96,0.142409,0.009014,0.022318,0.151282,0.090946,0.147915,0.436116
sadness_4211.jpg,sadness,2,0 0 96 96,0.057426,0.001352,0.815747,0.001928,0.012183,0.056498,0.054866
sadness_4212.jpg,sadness,6,0 2 96 96,0.174602,0.011386,0.224912,0.023858,0.050587,0.177898,0.336757
sadness_4216.jpg,sadness,6,0 0 96 96,0.265094,0.018624,0.013310,0.135144,0.036431,0.124741,0.406656
sadness_4230.jpg,sadness,6,6 4 96 96,0.207429,0.049915,0.093041,0.072186,0.069590,0.201034,0.306805
sadness_4242.jpg,sadness,2,2 2 96 96,0.119481,0.035874,0.391062,0.009342,0.024418,0.250046,0.169778
sadness_4399.jpg,sadness,6,0 4 93 96,0.018932,0.000236,0.035296,0.001602,0.008866,0.242410,0.692658
sadness_4410.jpg,sadness,4,0 0 96 96,0.054787,0.004529,0.059416,0.227165,0.432790,0.077833,0.143480
sadness_4412.jpg,sadness,6,0 4 96 96,0.105029,0.002787,0.041351,0.211989,0.224097,0.089019,0.325727
sadness_4415.jpg,sadness,2,0 4 96 96,0.022695,0.000295,0.349663,0.013042,0.176001,0.159674,0.278630
sadness_4418.jpg,sadness,6,0 2 95 96,0.088703,0.001780,0.019300,0.046573,0.052957,0.144057,0.646630
sadness_4423.jpg,sadness,2,0 2 96 96,0.028290,0.000180,0.915269,0.001413,0.015573,0.018426,0.020849
sadness_4425.jpg,sadness,0,0 1 94 94,0.343663,0.044338,0.222593,0.082262,0.064749,0.081726,0.160670
sadness_4449.jpg,sadness,2,0 0 96 96,0.117328,0.245845,0.426496,0.039142,0.047934,0.098568,0.024687
sadness_4466.jpg,sadness,6,,0.029299,0.002646,0.046778,0.008569,0.029961,0.378809,0.503937
sadness_4883.jpg,sadness,3,0 4 96 96,0.059912,0.003648,0.022463,0.457446,0.379536,0.028139,0.048856
sadness_4889.jpg,sadness,1,2 1 96 94,0.014801,0.428281,0.146593,0.077519,0.175055,0.143658,0.014093
sadness_4900.jpg,sadness,2,5 13 91 96,0.234636,0.091598,0.289267,0.040969,0.049439,0.175085,0.119006
sadness_4904.jpg,sadness,1,2 1 92 92,0.246409,0.500456,0.069414,0.098189,0.020246,0.046991,0.018296
sadness_4906.jpg,sadness,2,0 1 96 96,0.027797,0.000044,0.846428,0.000178,0.003239,0.028011,0.094303
sadness_4918.jpg,sadness,2,1 3 94 95,0.033215,0.017128,0.853711,0.006235,0.033904,0.045037,0.010770
sadness_4932.jpg,sadness,3,0 4 90 96,0.068297,0.049301,0.085726,0.418432,0.337752,0.027668,0.012824
sadness_4942.jpg,sadness,6,4 2 96 96,0.040763,0.001240,0.025244,0.004810,0.011874,0.205196,0.710873
sadness_4948.jpg,sadness,2,1 4 96 96,0.066717,0.001098,0.600519,0.001284,0.008559,0.117600,0.204223
sadness_4957.jpg,sadness,2,0 4 96 96,0.188114,0.013823,0.573067,0.022803,0.046202,0.070130,0.085860
sadness_4960.jpg,sadness,4,0 4 96 96,0.098781,0.000463,0.135778,0.195086,0.434198,0.029110,0.106583
sadness_4963.jpg,sadness,6,0 4 96 96,0.243404,0.000598,0.074647,0.047805,0.051675,0.045576,0.536295
sadness_4968.jpg,sadness,2,13 18 83 88,0.003875,0.000046,0.958544,0.000217,0.009379,0.019868,0.008071
sadness_4969.jpg,sadness,6,1 4 96 96,0.074688,0.000401,0.054710,0.001031,0.002801,0.123092,0.743277
sadness_4971.jpg,sadness,2,0 0 96 96,0.023328,0.016528,0.721366,0.034285,0.172158,0.026797,0.005537
sadness_5568.jpg,sadness,2,0 0 96 96,0.001921,0.000097,0.987509,0.000155,0.004715,0.004757,0.000846
sadness_5584.jpg,sadness,4,0 2 95 96,0.001763,0.000922,0.110740,0.020997,0.661827,0.158183,0.045569
sadness_5593.jpg,sadness,0,0 0 96 96,0.466686,0.022500,0.402695,0.019403,0.010696,0.027736,0.050284
sadness_5613.jpg,sadness,2,,0.219196,0.056301,0.268831,0.003038,0.004215,0.241629,0.206789
surprise_170.jpg,surprise,4,0 4 96 96,0.023997,0.016403,0.011993,0.387770,0.406121,0.078799,0.074917
surprise_186.jpg,surprise,4,0 4 93 96,0.015650,0.010147,0.317119,0.102396,0.520727,0.026932,0.007028
surprise_193.jpg,surprise,3,0 5 95 96,0.096343,0.164035,0.040794,0.347333,0.204042,0.097264,0.050188
surprise_201.jpg,surprise,6,7 13 93 96,0.019403,0.000137,0.020751,0.003560,0.014459,0.175018,0.766673
surprise_210.jpg,surprise,6,3 11 92 96,0.246768,0.001354,0.050717,0.037276,0.034143,0.057858,0.571884
surprise_215.jpg,surprise,4,0 8 93 96,0.000104,0.000006,0.000467,0.091561,0.904243,0.001812,0.001806
surprise_234.jpg,surprise,4,4 15 89 96,0.066764,0.002648,0.049477,0.313166,0.407873,0.052300,0.107772
surprise_235.jpg,surprise,4,3 9 89 95,0.012964,0.003710,0.132358,0.111060,0.687922,0.035726,0.016259
surprise_239.jpg,surprise,4,0 6 96 96,0.012218,0.007368,0.009201,0.428152,0.471629,0.038174,0.033259
surprise_254.jpg,surprise,3,2 3 96 96,0.104165,0.000670,0.035208,0.546642,0.281055,0.007424,0.024837
surprise_269.jpg,surprise,4,0 0 96 94,0.000568,0.000579,0.013802,0.069995,0.902916,0.009777,0.002363
surprise_2385.jpg,surprise,6,9 7 96 96,0.035984,0.001958,0.011149,0.049311,0.075478,0.213900,0.612220
surprise_2387.jpg,surprise,3,0 1 96 96,0.056080,0.003257,0.006396,0.743163,0.171188,0.007573,0.012343
surprise_2398.jpg,surprise,3,6 13 96 96,0.021313,0.003798,0.006829,0.514639,0.361805,0.035399,0.056217
surprise_2407.jpg,surprise,3,0 0 96 96,0.051105,0.000681,0.001241,0.923851,0.022625,0.000193,0.000304
surprise_2413.jpg,surprise,4,2 4 96 96,0.039397,0.003978,0.190486,0.173416,0.530051,0.035878,0.026795
surprise_2424.jpg,surprise,4,8 7 96 96,0.111973,0.040845,0.177721,0.181977,0.284639,0.106392,0.096452
surprise_2431.jpg,surprise,6,0 3 92 96,0.059420,0.000109,0.029056,0.064176,0.132307,0.066787,0.648145
surprise_2438.jpg,surprise,1,9 6 96 96,0.018489,0.356076,0.004810,0.208748,0.086844,0.260183,0.064850
surprise_2443.jpg,surprise,3,0 4 96 96,0.048226,0.000433,0.012759,0.446017,0.410293,0.017184,0.065087
surprise_2446.jpg,surprise,3,0 4 96 96,0.110295,0.000386,0.008887,0.752845,0.113309,0.002526,0.011752
surprise_2448.jpg,surprise,4,2 16 86 96,0.004302,0.001618,0.086880,0.077306,0.792489,0.027979,0.009427
surprise_2466.jpg,surprise,5,0 0 96 96,0.028996,0.062893,0.011515,0.016296,0.020069,0.604621,0.255609
surprise_2470.jpg,surprise,4,4 13 92 96,0.036049,0.001576,0.015477,0.361566,0.432776,0.043286,0.109270
surprise_2533.jpg,surprise,3,2 3 96 96,0.095668,0.019545,0.019176,0.505445,0.239195,0.051108,0.069863
surprise_2541.jpg,surprise,3,0 4 96 96,0.005326,0.005082,0.001464,0.710093,0.269274,0.005712,0.003050
surprise_2542.jpg,surprise,6,1 3 96 96,0.070065,0.002255,0.021492,0.238906,0.263577,0.089722,0.313983
surprise_2546.jpg,surprise,3,0 4 96 96,0.002793,0.000197,0.000431,0.763968,0.230508,0.000984,0.001118
surprise_2558.jpg,surprise,4,0 7 89 96,0.005167,0.000664,0.060130,0.095071,0.810723,0.017969,0.010276
surprise_2561.jpg,surprise,3,3 4 88 89,0.042255,0.033801,0.012987,0.496676,0.301749,0.060940,0.051592
surprise_2562.jpg,surprise,4,6 6 96 96,0.058252,0.007323,0.029052,0.311415,0.350804,0.088515,0.154639
surprise_2567.jpg,surprise,1,1 4 96 96,0.021955,0.660624,0.001014,0.193172,0.017476,0.087002,0.018757
surprise_2588.jpg,surprise,5,0 2 94 96,0.019585,0.008669,0.112350,0.031959,0.206547,0.395111,0.225780
surprise_2589.jpg,surprise,3,0 2 96 96,0.093351,0.009123,0.017698,0.584313,0.230492,0.025989,0.039033
surprise_2592.jpg,surprise,6,0 0 96 96,0.138349,0.006620,0.123910,0.130359,0.200327,0.113801,0.286633
surprise_2599.jpg,surprise,0,0 0 96 96,0.288538,0.013648,0.092257,0.229039,0.130286,0.062943,0.183288
surprise_2606.jpg,surprise,4,1 0 96 96,0.021783,0.008102,0.118693,0.136268,0.616856,0.063369,0.034929
surprise_2630.jpg,surprise,3,0 4 96 96,0.089552,0.006288,0.022374,0.481179,0.289550,0.036735,0.074323
surprise_2634.jpg,surprise,3,0 4 95 96,0.059006,0.016495,0.010237,0.395801,0.224673,0.124101,0.169686
surprise_2637.jpg,surprise,4,0 6 96 96,0.011943,0.004306,0.003478,0.363641,0.390609,0.090161,0.135861
surprise_2644.jpg,surprise,1,3 4 96 96,0.012156,0.502172,0.003648,0.300398,0.075486,0.087369,0.018770
surprise_2648.jpg,surprise,6,0 9 89 96,0.058971,0.008001,0.017685,0.088594,0.103819,0.264668,0.458263
surprise_2651.jpg,surprise,6,,0.133953,0.005201,0.129588,0.025175,0.051128,0.206684,0.448271
surprise_3781.jpg,surprise,3,4 4 96 96,0.007395,0.000202,0.000442,0.932400,0.059152,0.000192,0.000217
surprise_3787.jpg,surprise,2,6 4 96 96,0.072006,0.005710,0.657242,0.029850,0.126255,0.065074,0.043863
surprise_3788.jpg,surprise,0,4 6 87 89,0.267530,0.075995,0.051039,0.201655,0.089859,0.118505,0.195417
surprise_3800.jpg,surprise,5,,0.083896,0.060630,0.014051,0.063706,0.039996,0.399821,0.337902
surprise_3809.jpg,surprise,3,8 7 95 93,0.037355,0.097613,0.003839,0.790778,0.064160,0.004834,0.001421
surprise_3823.jpg,surprise,4,0 0 96 96,0.001431,0.003404,0.007175,0.276656,0.703925,0.005768,0.001641
surprise_3830.jpg,surprise,6,0 0 96 96,0.037784,0.000604,0.017079,0.007074,0.014730,0.182351,0.740378
surprise_3836.jpg,surprise,3,3 2 96 95,0.045091,0.002561,0.005044,0.534347,0.246949,0.044492,0.121517
surprise_3848.jpg,surprise,2,0 0 96 96,0.125517,0.003970,0.657359,0.037099,0.102118,0.033393,0.040545
surprise_4144.jpg,surprise,4,0 0 96 96,0.089687,0.143814,0.095664,0.225581,0.232400,0.143328,0.069526
surprise_4150.jpg,surprise,5,0 0 96 96,0.001658,0.003298,0.007850,0.011881,0.096598,0.678428,0.200287
surprise_4152.jpg,surprise,6,4 10 96 96,0.059554,0.006125,0.014302,0.119836,0.115892,0.198876,0.485416
surprise_4173.jpg,surprise,4,0 4 96 96,0.033291,0.005026,0.285287,0.115758,0.511017,0.032548,0.017073
surprise_4175.jpg,surprise,3,2 4 96 96,0.015318,0.002762,0.007566,0.535436,0.416064,0.011735,0.011120
surprise_4190.jpg,surprise,3,0 0 96 96,0.006616,0.000160,0.000439,0.924938,0.067388,0.000220,0.000239
surprise_4208.jpg,surprise,5,5 8 95 96,0.102389,0.167193,0.109125,0.097599,0.137702,0.250668,0.135323
surprise_4219.jpg,surprise,4,0 0 96 96,0.060640,0.011250,0.113732,0.209803,0.481139,0.064116,0.059319
surprise_4227.jpg,surprise,3,7 6 96 96,0.016167,0.139598,0.008702,0.469730,0.258238,0.076588,0.030977
surprise_4239.jpg,surprise,3,2 4 96 96,0.000686,0.001426,0.000022,0.959132,0.038409,0.000245,0.000079
surprise_4240.jpg,surprise,6,5 11 96 96,0.025938,0.001078,0.017983,0.026227,0.070929,0.246367,0.611478
surprise_4397.jpg,surprise,4,0 0 96 96,0.015244,0.004867,0.021877,0.409222,0.530194,0.011772,0.006824
surprise_4398.jpg,surprise,6,6 2 94 91,0.042646,0.041661,0.019128,0.100232,0.129259,0.306960,0.360114
surprise_4405.jpg,surprise,4,1 4 96 96,0.011818,0.001929,0.025578,0.181595,0.659376,0.059280,0.060425
surprise_4422.jpg,surprise,4,0 0 96 96,0.002281,0.000310,0.013900,0.141816,0.830929,0.006846,0.003918
surprise_4432.jpg,surprise,3,0 4 95 96,0.032782,0.001671,0.002877,0.770125,0.167678,0.008505,0.016362
surprise_4436.jpg,surprise,3,0 6 88 96,0.177407,0.018427,0.158139,0.317848,0.252767,0.034740,0.040672
surprise_4443.jpg,surprise,2,11 11 83 83,0.310886,0.002375,0.449440,0.009995,0.014482,0.031342,0.181480
surprise_4444.jpg,surprise,3,0 2 95 96,0.012506,0.085840,0.003344,0.560577,0.218485,0.082439,0.036809
surprise_4445.jpg,surprise,6,2 10 95 96,0.200470,0.003006,0.110307,0.082912,0.108080,0.087457,0.407767
surprise_4454.jpg,surprise,3,0 4 94 96,0.298569,0.003048,0.061883,0.419305,0.133653,0.016533,0.067009
surprise_4465.jpg,surprise,6,6 7 92 93,0.141007,0.003440,0.022503,0.203384,0.150100,0.095923,0.383643
surprise_4884.jpg,surprise,4,0 2 96 96,0.003205,0.002075,0.005454,0.255020,0.686254,0.027245,0.020746
surprise_4887.jpg,surprise,2,0 2 96 96,0.111652,0.341225,0.408246,0.018686,0.020359,0.082747,0.017084
surprise_4888.jpg,surprise,3,3 1 96 94,0.223297,0.013763,0.019890,0.659864,0.067709,0.005964,0.009512
surprise_4909.jpg,surprise,4,6 6 96 96,0.051172,0.000839,0.019818,0.292023,0.381799,0.049416,0.204934
surprise_4913.jpg,surprise,3,5 4 96 96,0.066469,0.041767,0.007956,0.702516,0.138441,0.024732,0.018118
surprise_4928.jpg,surprise,1,11 12 93 95,0.011835,0.538233,0.126366,0.085205,0.153141,0.077733,0.007486
surprise_4934.jpg,surprise,4,0 2 96 96,0.034012,0.002511,0.011763,0.390334,0.395603,0.051995,0.113782
surprise_4941.jpg,surprise,6,0 5 95 96,0.231227,0.009985,0.216799,0.015143,0.024392,0.137104,0.365349
surprise_4945.jpg,surprise,3,0 0 96 96,0.061352,0.030379,0.006257,0.697908,0.143420,0.031758,0.028926
surprise_4953.jpg,surprise,3,1 13 90 96,0.078000,0.000657,0.011444,0.595365,0.251847,0.012367,0.050320
surprise_5559.jpg,surprise,6,0 2 95 96,0.187177,0.007041,0.025614,0.033446,0.022676,0.154484,0.569561
surprise_5562.jpg,surprise,6,2 8 91 96,0.279194,0.112763,0.040904,0.041815,0.018521,0.223262,0.283539
surprise_5571.jpg,surprise,3,8 13 94 96,0.217458,0.017409,0.038558,0.363889,0.154959,0.066572,0.141155
surprise_5576.jpg,surprise,3,8 1 96 93,0.066106,0.022591,0.012762,0.688590,0.179216,0.016760,0.013975
surprise_5580.jpg,surprise,1,0 0 96 96,0.037647,0.317921,0.026414,0.221793,0.138939,0.197164,0.060123
surprise_5588.jpg,surprise,4,5 14 93 96,0.003717,0.002870,0.005128,0.371006,0.601867,0.009953,0.005460
surprise_5590.jpg,surprise,6,0 2 96 96,0.130551,0.006623,0.036929,0.138438,0.122692,0.145495,0.419271
surprise_5597.jpg,surprise,1,0 1 96 96,0.105954,0.507134,0.003081,0.361145,0.011283,0.009455,0.001947
surprise_5598.jpg,surprise,3,0 0 96 96,0.105694,0.068425,0.004089,0.760304,0.045316,0.010123,0.006048
surprise_5600.jpg,surprise,3,8 8 96 96,0.012950,0.018629,0.006705,0.482700,0.393242,0.049086,0.036688
surprise_5601.jpg,surprise,4,0 4 95 96,0.007868,0.001327,0.122624,0.065898,0.720391,0.053362,0.028531
surprise_5607.jpg,surprise,3,5 14 87 96,0.119705,0.004026,0.093739,0.391154,0.336935,0.019889,0.034553
surprise_5626.jpg,surprise,1,0 0 96 96,0.006043,0.634641,0.013944,0.028089,0.027480,0.272467,0.017335
surprise_5630.jpg,surprise,4,0 10 89 96,0.011046,0.001030,0.343639,0.066002,0.560751,0.013357,0.004175
surprise_5642.jpg,surprise,4,0 2 93 96,0.018174,0.005116,0.011196,0.337708,0.481790,0.063090,0.082925
surprise_5644.jpg,surprise,4,0 4 96 96,0.108374,0.018430,0.132551,0.169469,0.304062,0.125472,0.141643
